Region,Division,Accountant I,Accountant II,Accountant III,Accounting Analyst,Accounting Clerk II,Administrative Aide I,Administrative Aide II,Administrative Aide III,Administrative Aide IV,Administrative Aide V,Administrative Aide VI,Administrative Assistant I,Administrative Assistant II,Administrative Assistant III,Administrative Assistant V,Administrative Assistant VI,Administrative Officer I,Administrative Officer II,Administrative Officer III,Administrative Officer IV,Administrative Officer V,Agriculturist I,Agriculturist II,Aquacultural Technician II,Artist-Illustrator II,Assistant Professor II,Assistant School Principal I,Assistant School Principal II,Assistant School Principal III,Assistant Schools Division Superintendent,Attorney I,Attorney II,Attorney III,Cashier I,Cashier II,Chief Administrative Officer,Chief Education Program Specialist,Chief Education Supervisor,Cinematographer I,Clerk III,Communications Equipment Operator II,Communications Equipment Operator III,Computer Maintenance Technologist I,Computer Programmer II,Construction and Maintenance Man,Copy Reader,Crafts Education Demonstrator I,Crafts Education Demonstrator II,Dental Aide,Dentist I,Dentist II,Dentist III,Department Assistant Secretary,Department Legislative Liaison Specialist,Department Undersecretary,Deputy Executive Director III,Director II,Director III,Director IV,Disbursing Officer I,Disbursing Officer II,Dormitory Manager I,Draftsman I,Draftsman II,Driver I,Education Program Specialist I,Education Program Specialist II,Education Program Supervisor,Education Research Assistant II,Electronics and Communications Equipment Technician I,Engineer II,Engineer III,Engineer IV,Executive Assistant II,Executive Assistant III,Executive Assistant IV,Executive Director II,Executive Director V,Farm Worker I,Fiscal Clerk I,Fiscal Examiner I,Fisherman,Guidance Coordinator I,Guidance Coordinator II,Guidance Coordinator III,Guidance Counselor I,Guidance Counselor II,Guidance Counselor III,Handicraft Worker I,Handicraft Worker II,Head Teacher I,Head Teacher II,Head Teacher III,Head Teacher IV,Head Teacher V,Head Teacher VI,Health Education and Promotion Officer II,Health Education and Promotion Officer III,Human Resource Management Officer I,Human Resource Management Officer II,Information Systems Analyst I,Information Systems Analyst II,Information Systems Analyst III,Information Technology Officer I,Instructor I,Instructor II,Internal Auditing Assistant,Internal Auditor III,Internal Auditor IV,Legal Aide,Legal Assistant I,Legal Assistant II,Librarian I,Librarian II,Light Equipment Operator,Marine Engineman I,Master Teacher I,Master Teacher II,Master Teacher III,Mechanic II,Medical Officer II,Medical Officer III,Medical Officer IV,Nurse I,Nurse II,Nutritionist-Dietitian I,Nutritionist-Dietitian III,Planning Officer I,Planning Officer II,Planning Officer III,Planning Officer IV,Project Development Assistant,Project Development Officer I,Project Development Officer II,Project Development Officer III,Project Development Officer IV,Project Development Officer V,Proofreader II,Public Schools District Supervisor,Records Officer II,Registrar I,Registrar II,Reproduction Machine Operator I,School Farm Demonstrator,School Farming Coordinator III,School Librarian I,School Librarian II,School Librarian III,School Principal I,School Principal II,School Principal III,School Principal IV,Schools Division Superintendent,Science Research Specialist II,Science Research Technician II,Science Research Technician III,Science Research Technician IV,Security Guard I,Security Guard II,Security Officer IV,Senior Administrative Assistant I,Senior Administrative Assistant II,Senior Administrative Assistant III,Senior Bookkeeper,Senior Education Program Specialist,Special Education Teacher I,Special Education Teacher II,Special Education Teacher III,Special School Principal I,Special School Principal II,Special Science Teacher I,Statistician Aide,Statistician II,Supervising Administrative Officer ,Supervising Education Program Specialist,Supply Officer II,Teacher Credentials Evaluator I,Teacher Credentials Evaluator II,Teacher I,Teacher II,Teacher III,Technical Education and Skills Development Specialist II,Telegram Carrier,Telegraphic Transfer Service Officer I,Typesetter II,Utility Worker I,Vocational Instruction Supervisor II,Vocational Instruction Supervisor III,Vocational Placement Coordinator I,Vocational School Administrator I,Vocational School Administrator II,Vocational School Superintendent I,Watchman I
National Capital Region (NCR),Central Office/Staff Bureaus/ROs,20,14,1,1,,18,7,32,50,4,25,13,68,41,9,4,4,9,,13,11,,,,1,,,,,,,2,6,,,2,1,4,1,,,,1,5,2,2,,,,,,1,5,1,3,1,3,7,10,,,3,1,2,,4,26,29,1,1,1,1,2,10,10,8,1,1,,,,,,,,,,,,,,,,,,,2,1,,,1,,1,,,,1,1,1,2,1,1,4,1,,,,,,,,1,3,,,2,1,,2,4,1,1,6,26,10,4,5,3,,,,,,,,,,,,,,,,2,2,2,2,13,2,1,6,1,5,,44,,,,,,,,4,4,12,,,1,,,,,,1,1,,,,,,,,
Cordillera Administrative Region (CAR),Division of Abra,,,,,,2,,1,,,,,1,1,,,,,1,,,4,,,,,,,,,,,,,,,,,,,,,,,,,,,,,,,,,,,,,,,,,,,,,,1,,,,,,,,,,,7,,,,,,1,2,8,2,,,3,1,1,,,1,,,,,,,,,,,,,,,,,1,,,,2,,,,,,,2,1,,,,,,,,,,,,,,,,,,,,,,,,3,,1,,,,,,,,,,,,,,1,,,,,,,,,,,,,,6,6,6,,1,,,,,,,,,,
Region XIII - CARAGA,Division of Agusan del Norte,,,,,,12,,3,,,1,1,4,2,,,1,,,,,,,,,,,,,,,,,,,,,,,,,,,,,,,,,,,,,,,,,,,,,,,,,,1,,,,,,,,,,,,,,,,,,,6,9,,,,9,,8,,,,,,,,,,,,,,,,,,,,,,,,,1,,,,,,,,,,,1,,,,,,,,,,,,,,,,,,,,14,3,1,,,,,,,4,,,,,,,,1,,,,,3,,,,,,,,8,8,3,,,,,,,,,,,,
Region XIII - CARAGA,Division of Agusan del Sur,,,,,,3,,1,1,,,,2,1,,,,1,,,,,,,,,,,,,,,,,,,,,,,,,,,,,,,2,,2,,,,,,,,,,,,,,,,,,,,,,,,,,,,,,,,,,,8,24,,,,3,2,3,1,,,,,,,,,,,,,,,,,,,,,,,3,1,2,,,1,,,3,,,,,,,,,,,,,,,,,,,,,,,,2,,,,1,,,,,3,,,,,,,,2,,,,,,,,,,,,,50,35,25,,,,,,,,,,,,
Region VI - Western Visayas,Division of Aklan,,,,,,2,1,,,,6,,36,9,,,1,,,,,,,,,,,,,1,,,,,,,,,,,,,,,,,,,,,,,,,,,,,,,,,,,,,,,,,,,,,,,,,2,,,,,,,3,28,4,,1,8,,1,,,,,,,,,,,,,,,,,,,,,,,,4,1,,,,,,,1,,,,,,,,1,,,,,,,,,,,,,1,,,7,1,1,,,,,,,,,,,,,,,,,,,,3,,,,,,,,19,17,22,,,,,,,,,,,,
Region I - Ilocos,Division of Alaminos City,,,,,,1,,,,,,,,,,,,,,,,,,,,,,,,,,,,,,,,,,,,,,,,,,,,,,,,,,,,,,,,,,,,,,,,,,,,,,,,,,,,,,,,,5,3,,,,,,,,,,,,,,,,,,,,,,,,,,,,,,,,,,,,,,,,,,,,,,,,,,,,,,,,,,,,,1,,,,,,,,,,,,,,,,,,,,,,1,,,,,,,,4,,3,,,,,,,,,,,,
Region V - Bicol,Division of Albay,1,,,,,7,,2,5,,2,1,8,11,,,2,1,,1,,,,,,,,2,,,,,,,,,,,,,,,,,,,,,,,,,,,,,,,,,2,,,,,,,1,,,,,,,,,,,,,,,,,,13,52,3,,,22,4,11,,1,1,,,,,,,,,,,,,,,,,,,,,3,2,,,,,,,,1,,,,1,,,1,,,,,,,,,,,,,,,1,7,3,,,,,,,,1,,,,,,5,,,,,,,1,,,,,,,,20,21,53,,,,,,,,,,,,
Region III - Central Luzon,Division of Angeles City,,,,,,1,,1,1,,1,,3,2,,,,,,,,,,,,,,,,1,,,,,,,,,,,,,,,,,,,,,1,,,,,,,,,,,,,,,,,,,,,,,,,,,,,,,,,,,2,10,2,,,,,1,,,,,,,,,,,,,,,,,,,,,,,,4,,,,,,,,,,,,,,,,,,,,,,,,,,,,,,,1,,,,,,,,,,,,,,,,,,1,,,,,3,,,,,,,,67,69,35,,,,,,,,,,,,
Region IVA - CALABARZON,Division of Antipolo City,,,,,,1,,,,,,,7,11,,,,1,1,,,,,,,,,11,,,,,,,,,,,,,,,,,,,,,,,,,,,,,,,,,,,,,,,,,,,,,,,,,,,,,,,,,,5,16,,,,5,1,,,,,,,,,,,,,,,,,,,,,,,,,13,9,,,,,,,,,,,,,,,1,,,,,,,,,,,,,,,,2,1,,,1,,,,,,,,,,,,,,1,,,,2,,,,,,,,18,54,43,,,,,,,,,,,,
Region VI - Western Visayas,Division of Antique,1,,,,,7,1,3,6,,3,,42,17,,,1,5,,3,1,,,,,,,6,,,,,,,,,,,,,,,,,,,,,1,,,,,,,,,,,,,,,,,,1,1,,,,,,,,,,,,,,,,,,5,30,3,,,9,,19,1,,,,,,,,,,,,,,,,,,,,,,,34,13,,,,,,,1,,,,,,,,,1,,,,,,,2,,,,,1,,,10,6,1,,,,,,,2,,,,,,,,7,,,,,3,,,,,,,,52,77,55,,,,,,,,,,,,4
Cordillera Administrative Region (CAR),Division of Apayao,,,,,,,,,,,1,,4,1,,,,1,1,,,,,,,,,,,,,,,,,,,,,,,,,,,,,,,,,,,,,,,,,,,,,,,,,,,,,,,,,,,,,,,,,,,2,4,,,,4,,1,1,,,,,,,,,,,,,,,,,,,1,,,,1,,,,,,,,,,,,,,,,,,,,,,,,,,,,,,,1,1,2,,,,,,,,,,,,,,,,4,,,,,,,,,,,,,2,4,10,,,,,,,,,,,,
Region III - Central Luzon,Division of Aurora,,,,,,2,,,,,,1,3,3,,,,4,,,,,,,,,,,,1,,,,,,,,,,,,,,,,,,,1,,,,,,,,,,,,,,,,,,1,,,,,,,,,,,,,,,,,,,,6,,,,1,,1,,,,,,,,,,,,,,,,,,,,,,,,5,,,,,,,,,,,,,,,,1,,,,,,,,,,,,,,,,8,,2,,,,,,,,,,,,,,,6,,,,,2,,,,,,,,17,22,14,,,,,,,,,,,,
Region VI - Western Visayas,Division of Bacolod City,,,,,,3,,,,,,1,1,4,,,,,,,,,,,,,,2,,,,,,,,,,,,,,,,,,,,,,,,,,,,,,,,,,,,,,,,,,,,,,,,,,,,,,,,,,4,17,1,,,1,1,2,3,,,,,,,,,,,,,,,,,,,,,,,1,1,,,,,,,,,,,,,,,1,,,,,,1,,,,,,,,,,1,,,,,,,,,1,,,,,,,,1,,,,,15,,,,,,,,86,24,14,,,,,,,,,,,,
Region IVA - CALABARZON,Division of Bacoor City,,,,,,,,,1,,,,,,,,,,,,1,,,,,,,,,,,,,,,,,,,,,,,,,,,,,,,,,,,,,,,,,,,,,,,,,,,,,,,,,,,,,,,,,1,3,,,,,,1,,,,,,,,,,,,,,,,,,,,,,,,2,3,,,,,,,,,,,,,,,,,,,,,,,,,,,,,,,,,,,1,,,,,,,,,,,,,,,,,,1,,,,,,,,5,8,7,,,,,,,,,,,,
Region VI - Western Visayas,Division of Bago City,,,,,,3,,,,,1,1,6,4,,,,3,,,,,,,,,,1,,1,,,,,,,,,,,,,,,,,,,,,1,,,,,,,,,,,,,,,,1,1,,,,,,,,,,,,,,,,,1,2,8,2,,,1,,1,,,,,,,,,,,,,,,,,,,,,,,,21,8,,,,,,,1,,,,,,,,,,,,,,,,,,,,,,,,17,,,,,,,,,1,,,,,,,,,,,,,3,,,,,,,,51,27,19,,,,,,,,,,,,
Cordillera Administrative Region (CAR),Division of Baguio City,,,,,,,,1,,,,,2,1,,,,1,,,,,,,,,,,,,,,,,,,,,,,,,,,,,,,,,,,,,,,,,,,,,,,,,,,,,,,,,,,,,,,,,,,,,5,,,,1,,,,,,,,,,,,,,,,,,,,,,,,,,3,1,,,,,,1,,,,,,,,,,,,,,,,,,,,,,,,,,,,,,,,,,,,,,,,,,1,,,,,3,,,,,,,,15,5,7,,,,,,,,,,,,
Region VII - Central Visayas,Division of Bais City,,1,,,,6,,,,,2,,3,1,,,,2,,,,,,,,,,1,,1,,,,,,,,,,,,,,,,,,,,,1,,,,,,,,,,,,,,,,,1,,,,,,,,,,,,,,,,,,,4,,,,3,8,,,,,,,,,,,,,,,,,,,,,,,,,3,2,1,,,,,,,,,,,,,,1,,,,,,1,,,,,,,,,,1,,,,,,,,,,,,,,,,,,,1,,,1,,,,,,,,4,12,6,,,,,,,,,,,,
Region III - Central Luzon,Division of Balanga City,,,,,,,,,,,,,,,,,,,,,,,,,,,,,,,,,,,,,,,,,,,,,,,,,,1,,,,,,,,,,,,,,,,,,,,,,,,,,,,,,,,,,,,,6,2,,,,,,,,,,,,,,,,,,,,,,,,,,,,,,,,,,,,,,,,,,,,,,,,,,,1,,,,,,,,,,,,,,,,,,,,,,,,,,,1,,,,,,,,,,,,,,1,,,,,,,,,,,,,
Region III - Central Luzon,Division of Baliwag City,,,1,,,,,,,,,1,2,4,,,,9,,,,,,,,,,,,1,,,,,,,,,,,,,,,,,,,,,1,,,,,,,,,,,,,,,,1,3,,,,,,,,,,,,,,,,,,,,,,,,,1,,,,,,,,,,,1,,,,,,,,,,,,,2,,,,,1,,,,,,,,,,,,,,,,,1,,,,,,,,,,1,3,3,2,1,,,,,,,,,,,,1,,,,,,,,,,,,,,9,4,7,,,,,,,,,,,,
Region III - Central Luzon,Division of Bataan,,1,,,,2,,,,,,,8,3,,,1,1,2,4,1,,,1,,,,2,,,,,,,,2,1,,,,,,,,,,,,,1,,,,,,,1,1,,,,,,,,,1,,,,,,,,,,,,,,,,1,,,1,6,1,,,,,2,,,,,,,1,,1,,1,,,,,,,,,1,1,,,2,1,,,,1,,1,,1,,1,2,,,,,,,,,,,,,,,,,1,,,1,,,,,,,,,,,,,,,,1,3,,,,,7,,,3,1,,,,155,49,10,,,,,,,,,,,,
Region I - Ilocos,Division of Batac City,,,,,,1,,,,,,,1,,,,1,1,,,,,,,,,,,,,,,,,,,,,,,,,,,,,,,,,1,,,,,,,,,,,,,,,,,,,,,,,,,,,,,,,,,,,,,,,,,,,,,,,,,,,,,,,,,,,,,,,,,,,1,,,,,,,1,,,,,,,,,,,,,,,,,,,,,,,,,,,,,,,,,,,,,,,,,1,,,,,,,,,,,,,6,3,,,,,,,,,,,,,
Region II - Cagayan Valley,Division of Batanes,2,,1,,,8,1,2,,,,,,1,,,,1,2,,,,,,,,,,,,,,,,,,,,,,,,,,,,,,,,1,,,,,,,,,,,,,,,,1,,,,,,,,,,,,,,,1,,,,,1,1,,,,,,,,,,,,,,,,,,,,,,,,,,,,1,,,,,,1,,,,,,,1,,,,1,,,,,,,,,,,,,,,1,,,,,,,,,,,,,,,,,,4,,,,,,1,,,,,,,,,2,,,,,,,,,,,,
Region IVA - CALABARZON,Division of Batangas,,,,,,35,,2,4,,3,,33,15,,,,12,,,,,,,,,1,1,,1,,,,,,,,,,,,,,,,,,,,,,,,,,,,,,,,,,,,,,,,,,,,,,,,,,,,,,,1,4,40,,,,15,9,30,2,,,,,,,,,,,,,,,,,,,1,,,,11,6,,,,,,,,,,,,,,,,,,,,,,,,,,,,,,,5,6,,,,,,,,,,,,,,,,,1,,,,5,,,,,,,,48,28,38,,,,,,,,,,,,
Region IVA - CALABARZON,Division of Batangas City,,,,,,13,1,1,,,1,,,,,,,1,,,,,,,,,,,1,,,,,,,,,,,,,,,,,,,,1,,,,,,,,,,,,,,,,,,,,,,,,,,,,,,,,,,,,,,7,4,,,1,,,,,,,,,,,,,,,,,,,,,,,,,,,,,,,,,,,,,,,,,,,,,,,,,,,,,,,1,,,,1,1,,,,,,,,,,,,,,,,,,,,4,,,,,,,,28,6,5,,,,,,,,,,,,
Region VII - Central Visayas,Division of Bayawan City,,1,,,,4,,,,,,,3,,,,,1,,,,,,,,,,3,,1,,,1,,,,,,,,,,,,,,,,,,2,,,,,,,,,,,,,,,,,,,,,,,,,,,,,,,,,,,2,7,,,,5,1,1,,,,,,,,,,,,,,,,,,,,,,,,5,8,,,,,,,,,,,,,,,,,,,,,1,,,,,,,,,,4,,,,,,,,,,,,,,,,,,,,,,3,,,,,,,,14,13,20,,,,,,,,,,,,
Region VIII - Eastern Visayas,Division of Baybay City,,,,,,1,,,,,,,1,1,,,,,,,,,,,,,,,,,,,,,,,,,,,,,,,,,,,,,,,,,,,,,,,,,,,,,,,,,,,,,,,,,,,,,,,,1,3,,,,,,,,,,,,,,,,,,,,,,,,,,,,,,,,,,,,,2,,,,,,,,,,,,,,,,,,,,,,,,,,,,,,,,,,,,,,,,,,,,,,,,,,,,,,,1,,,,,,,,,,,,,,
Region XIII - CARAGA,Division of Bayugan City,,,,,,2,,,,,,,,,,,,,,,,,,,,,,,,,,,,,,,,,,,,,,,,,,,,,1,,,,,,,,,,,,,,,,,,,,,,,,,,,,,,,,,,,2,4,,,,,,,,,,,,,,,,,,,,,,,,,,,,,,,,,,,,,2,,,,,,,,,,,,,,,1,,,,,,,,,,1,,,,,,,,,,,,,,,,,,,,,,2,,,,,,,,,,,,,,,,,,,,,,
Cordillera Administrative Region (CAR),Division of Benguet,,,,,,1,,1,,,,,4,1,,,,3,1,,,,,,,,,,,1,,,,,,,,,,,,,,,,,,,2,,,,,,,,,,,,,,,,,,1,,,,,,,,,,,,1,,,,,,,3,10,3,,,1,,,,,,,,,,,,,,,,,,,,,,,,,,2,2,,,,,,,,,,,,,,,,,,,,,,,,,,,,,,,1,1,,,,,,,,,,,,,,,,3,,,,,5,,,,,,,,30,10,12,,,,,,,,,,,,1
Region VIII - Eastern Visayas,Division of Biliran,1,1,,,,7,,2,6,,2,1,1,1,,,,3,2,,,,,,,,,,,,,,,,,,,1,,,,,,,,,,,1,,,,,,,,,,,,,,,,,,1,,,,,,,,,,,,1,,,,,,,5,11,2,2,,1,2,1,,,,,,,,,,,,1,,,,,,,,,,,,5,,,,,,,,1,,,1,,,,,1,1,,,,,1,,,,,,,1,1,,5,,,,1,,,,,2,,,,,,,,1,,,,,,,,,,,,,13,2,2,,,,,,,,,,,,
Region IVA - CALABARZON,Division of Biñan City,,,,,,1,,,,,,,2,,,,,,,,,,,,,,,2,,,,,,,,,,,,,,,,,,,,,,,,,,,,,,,,,,,,,,,,,,,,,,,,,,,,,,,,,,2,4,1,,,1,2,,2,,,,,,,,,,,2,,,,,,,,,,,,2,1,,,,,,,,,,,,,,,1,,,,,,1,,,,,,,,,,1,1,1,,,,,,,,,,,,,,,,,,,,1,,,,,,,,22,76,25,,,,,,,,,,,,
Region XIII - CARAGA,Division of Bislig City,,1,,,,,,,,,1,,,1,,,,,,,,,,,,,,,,,,,,,,,,,,,,,,,,,,,,,1,,,,,,,,,,,,,,,,,,,,,,,,,,,,,,,,,,,1,3,,,,,,,,,,,,,,,,,,,,,,,,,,1,,,,,2,,,,,,,,,,,,,,,,,,,,,,,,,,,,,,,9,,,,,,,,,,,,,,,,,1,,,,,,,,,,,,,2,1,2,,,,,,,,,,,,
Region VII - Central Visayas,Division of Bogo City,,,,,,,,,,,1,,1,,,,,,,1,,,,,,,,,,1,,,,,,,,,,,,,,,,,,,,,,,,,,,,,,,,,,,,,,,,,,,,,,,,,,,,,,,1,,1,1,,,2,1,,,,,,,,,,,,,,,,,,,,,,,,,2,,,,,,,,,,,,,,,,,,,,,,,,,,,,,,,,,,,,,,,,,,,,,,,,1,,,,,,1,,,,,,,,20,5,7,,,,,,,,,,,,
Region VII - Central Visayas,Division of Bohol,,1,,,,26,,11,6,,,,82,60,,,,18,,1,,,,,,,,2,,1,,,,,,,,,,,,,,,,,,,1,,2,,,,,,,,,,,,,,,,,1,,,,,,,,,,,,,,,,,,6,50,,,,13,2,4,1,,,,,,,,,,,,,,,,,,,3,,,,2,2,,,,,,,,,,,1,1,,,2,,,,,,,,,,,,,,,,11,,1,,1,,,,,8,,,,,,,,,,,,,4,1,,,,,,,69,24,31,,,,,,,,,,,,
Region VIII - Eastern Visayas,Division of Borongan City,,,,,,4,,1,1,,,,,,,,,,1,,,,,,,,,,,,,,,,,,,,,,,,,,,,,,,,,,,,,,,,,,,,,,,,,,,,,,,,,,,,,,,,,,,,5,,,,,,,,,,,,,,,,,,,,,,,,,,,,,,,,,,,,,,,,,,,,,,,,,,,,,,,,,,,,,,,,,,1,,,,,,,,,,,,,,,,,,,,,,,,,,,2,,,,,,,,,,,,,
Region X - Northern Mindanao,Division of Bukidnon,,1,,,,21,2,4,15,,1,,2,3,,,,1,2,,,,,,,,,,,,,,,,,,,,,,,,,,,,,,1,,,,,,,,,,,,,,,,,,1,7,,,,,,,,,,,,,,,,,2,14,35,1,,,9,2,1,,,,,,,,,,,,,,,,,,,,2,,,,5,1,,,,,,,,,,,1,,,,,,,,,,,,,,,,,,,1,3,1,1,,,,,,,20,,,,,,,1,1,,,,,10,1,,,,,,,150,37,39,,,,,,,,,,,,
Region III - Central Luzon,Division of Bulacan,2,,,,,4,1,5,3,,1,,27,15,,,,15,,,,,,,,,,6,,,,,,,,,,,,,,,,,,,,,2,,1,,,,,,,,,,,,,,,,2,1,,,,,,,,,,,2,,,,,,1,13,65,2,,,12,6,46,,,,,,,,,,,,,,,,,,,,2,,,,16,8,,,,,,,,,,,,,,,2,,,,,,1,,5,,,,,,,,27,14,6,2,,,,,,1,,,,,,,,7,,,,,13,,,,,,,,191,131,73,,,,,,,,,,,,
Region XIII - CARAGA,Division of Butuan City,,,,,,4,2,1,,,2,,4,1,,,,2,,,,,,,,,,,,,,,,,,,,1,,,,,,,,,,,,,,,,,,,,,,,,,,,,,,,,,,,,,,,,,,,,,,,,4,12,,,,6,3,1,2,,,,,,,,,,,,,,,,,,,,,,,7,7,,,,,,,,,,,,,,,,,,,,,,,,,,,,,,,,1,,,,,,,,4,,,,,,,,,1,,,,5,,,,,,,,14,14,7,,,,,,,,,,,,
Region XIII - CARAGA,Division of Cabadbaran City,,,,,,,,,,,3,,,2,,,,,,,,,,,,,,,,,,,,,,,,,,,,,,,,,,,,,,,,,,,,,,,,,,,,,,,,,,,,,,,,,,,,,,,,,1,,,,1,,2,,,,,,,,,,,,,,,,,,,,,,,,,1,,,,,,,,,,,,,,,,,,,,,2,,,,,,,,,,4,,,,,,,,,,,,,,,,,,,,,,2,,,,,,,,,,2,,,,,,,,,,,,
Region III - Central Luzon,Division of Cabanatuan City,,,,,,1,,,,,,,,,,,,1,,,,,,,,,,,,1,,,,,,,,,,,,,,,,,,,1,,,,,,,,,,,,,,,,,,,,,,,,,,,,,,,,,,,,,,6,,,,2,,,,,,,,,,,,,,,,,,,,,,,,,,,,,,,,,,,,,,,,,,,,,,,,,,,,,,,,,,,1,,,,,,,,,,,,,,,,,,,,,,,,,,,,,7,9,6,,,,,,,,,,,,
Region IVA - CALABARZON,Division of Cabuyao City,,,,,,,,,,,1,,,,,,,,,,,,,,,,,,,,,,,,,,,,,,,,,,,,,,,,,,,,,,,,,,,,,,,,,,,,,,,,,,,,,,,,,,,3,,,,,,,,,,,,,,,,,,,,,,,,,,,,,,,,2,,,,,,,1,,,,,,,,,,,,,,,,,,,,,,,,,,,,,,,,,,,,,,,,,1,,,,,3,,,,,,,,2,8,4,,,,,,,,,,,,
Region VI - Western Visayas,Division of Cadiz City,,,,,,2,,2,,,3,,6,1,,,,,,,,,,,,,,1,,1,,,,,,,,,,,,,,,,,,,,,,,,,,,,,,,,,,,,,,,,,,,,,,,,,,,,,,,,3,8,1,,,1,1,4,,,,,,,,,,,,,,,,,,,,,,,,16,2,,,,,,,,,,,,,,,,,,,,,1,,,,,,,,,,5,1,,,,,,,,,,,,,,,,1,,,,,,,,,,,,,3,21,19,,,,,,,,,,,,
Region II - Cagayan Valley,Division of Cagayan,1,,,,,8,1,10,19,,,,34,10,,,1,5,1,,,,,,,,,,,,,,,,,,,,,,,,,,,,,,1,,1,,,,,,,,,,,,,,,,1,,,,,,,,,,,,11,,,,,,,5,38,5,,,8,1,13,,,,,,,,,,,,,,,,,,,,2,,,,10,7,,,,,,,1,,,,1,,,,,,,,,,,,,,,,1,,,,3,7,2,,,,,,,1,1,,,,,1,,2,,,,,,,,,,,,,34,14,31,,,,,,,,,,,,1
Region X - Northern Mindanao,Division of Cagayan de Oro City,,1,,,,8,3,8,8,1,,,4,3,,,,1,1,,,,,,,,,2,,,,,,,,,,,,,,,,,,,,,,,,,,,,,,,,,,,,,,,,3,,,,,,,,,,,,,,,,,,8,20,,,,6,1,2,,,,,,,,,,,,,,,,,,,,1,,,,7,8,,,,,,1,2,,,,1,,,,1,,,,,,,,,,,,,,,,1,2,,,,,,,,10,,,,,,,,1,,,,,20,,,,,,1,,110,44,24,,,,,,,,,,,,2
Region IVA - CALABARZON,Division of Calamba City,,,,,,,,,,,,,,,,,,,,,,,,,,,,,,1,,,,,,,,,,,,,,,,,,,,,,,,,,,,,,,,,,,,,,,,,,,,,,,,,,,,,,,,,,,,,1,,1,,,,,,,,,,,,,,,,,,,,,,,,,4,,,,,,,,,,,,,,,,,,,,,,,,,,,,,,,,,,,,,,,,,,,,,,,,,,,,,12,,,,,,,,2,4,17,,,,,,,,,,,,
Region IVB - MIMAROPA,Division of Calapan City,,1,,,,1,,,,,2,,2,,,,,,1,,,,,,,,,,,,,,,,,,,,,,,,,,,,,,,,,,,,,,,,,,,,,,,,,1,,,,,,,,,,,,,,,,,,1,1,1,,,,,,,,,,,,,,,,,,,,,,,,,2,,,,,,,,,,,,,,,,1,,,,,,,,,,,,,,,,,,,,1,,,,,,,,,,,,,,,,,,,,,,,,,,,,,,,6,5,,,,,,,,,,,,
Region VIII - Eastern Visayas,Division of Calbayog City,,1,,,,6,1,1,1,,,,,,,,,1,2,,,,,,,,,,,,,,,,,,,,,,,,,,,,,,,,,,,,,,,,,,,,,,,,,,,,,,,,,,,,2,,,,,,,1,9,1,,,,,,,,,,,,,,,,,1,,,,,,,,,,,1,,,,,,,,,,,,,,,,,,,,,,,,,,,,,,1,,,,,,,1,,,,,2,,,,,,,,,,,,,,,,,,,,,3,2,1,,,,,,,,,,,,
National Capital Region (NCR),Division of Caloocan,1,,,,,10,,1,12,,,,4,1,,,,,1,,,,,,,,,,,1,,,,,,,,,,,,,,,,,,,,1,,,,,,,,,,,,,,,,,2,1,,,,,,,,,,,,,,,,,,6,7,4,,,2,3,3,1,,1,,1,,,,,,,,,,,,,,,,,,,19,21,,,1,,,1,1,,,,1,,,,,,,,,,,,,,,,,,,,1,,7,1,,,,,,,,,,,,,,,,2,,,4,,,,,,,,136,140,37,1,,,,,,,,,,,
Region V - Bicol,Division of Camarines Norte,,,,,,2,,1,6,,,,,2,,,1,,,,,,,,,,,,,,,,,1,,,,,,,,,,,,,,,,,1,,,,,,,,,,1,,,,1,,,,,,,,,,,,,,,,,,,,,11,27,4,,,,,1,,,,,,,,,,,,,,,,,,,,,,,,,,,,,,,1,1,,,,,,,,,,,,,,2,,,,,,,,,,,1,,,,,,,,,,,,,,2,,,,,,,,,,,,,,,10,1,3,,,,,,,,,,,,
Region V - Bicol,Division of Camarines Sur,,,,,,2,2,1,16,,1,,27,6,,,,1,,,,,,,,,,7,,,,,,,,,,,,,,,,,,,,,,,,,,,,,,,,1,,,,,,,1,2,,,,,,,,,,,,,,,,,2,33,59,,,,21,6,13,,,,,,,,,,,,1,,,,,,,,2,,,,43,12,,,,,,,3,,,,,,,,,,,,,,1,,,,,,,,,,5,16,3,1,,,,,,4,,,,,,5,,1,1,1,,,3,,,,,,,,58,81,67,,,,,,,,,,,,
Region X - Northern Mindanao,Division of Camiguin,,,,,,6,,1,,,,,,,,,,1,2,,,,,,,,,,,,,,,,,,,,,,,,,,,,,,,,1,,,,,,,,,,,,,,,,,1,,,,,,,,,,,,,,,,,,1,5,1,,,,,,,,,,,,,,,,,,,,,,,,,1,,,,,,,,,,,,,,,,1,,,,,,,,,,5,,,,,,,,,,,,,,1,,,,,3,,,,,,,,,,,,,,,,,,,,,10,4,1,,,,,,,,,,,,
Region I - Ilocos,Division of Candon City,,,,,,1,,,,,,,,1,,,,,,,,,,,,,,,,,,,,,,,,,,,,,,,,,,,,,,,,,,,,,,,,,,,,,,1,,,,,,,,,,,,,,,,,,,3,1,,,1,,,,,,,,,,,,,,,,,,,,,,,,,,,,,,,,,,,,,,,,,,,,,,,,1,,,,,,,,,,,,,,,,,,,,,,,,,,,,,,,,,,,,,,,,,1,,,,,,,,,,,,,
Region VII - Central Visayas,Division of Canlaon City,,,,,,,,,,,,,,,,,1,1,,,,,,,,,,,,,,,,,,,,1,,,,,,,,,,,,,1,,,,,,,,,,,,,,,,,,,,,,,,,,,,,,,,,,,,,,,,,,,,,,,,,,,,,,,,,,,,,,,,,,,,,,,1,,,,,,,,,,,,,,,,,,,,,,,,,,,,1,,,1,,,,,,,,,,,,,,,,,,1,,,,,,,,6,3,3,,,,,,,,,,,,
Region VI - Western Visayas,Division of Capiz,1,,1,,,2,1,3,1,,1,,51,10,,,1,9,,,,,,,,,,1,,1,,,,,,,,,,,,,,,,,,,,,1,,,,,,,,,,,,,,,,,,,,,,,,,,,,,,,,,,,7,39,5,,,4,4,4,3,1,2,,,,,,,,,,,,,,,,,,,,,7,2,,,,,,,1,,,,,,,,,,,,,,,,2,,,,,3,,,19,6,11,4,,,,,,3,,,,,,,,,,,,,5,,,,,,,,56,57,44,,,,,,,,,,,,1
Region VII - Central Visayas,Division of Carcar City,,1,,,,1,,,,,,,,5,,,,1,,1,,,,,,,,,,,,,,,,,,,,,,,,,,,,,,,,,,,,,,,,,,,,,,,2,,,,,,,,,,,,,,,,,,,1,3,,,,3,1,1,,,,,,,,,,,,,,,,,,,,,,,,,,,,,,,,,,,,,,,,,,,,,,,,,,,,,,,,2,,,,,,,,,,,,,,,,,2,,,,,1,,,,,,,,17,14,11,,,,,,,,,,,,
Region V - Bicol,Division of Catanduanes,2,,,,,2,,2,4,,2,1,9,4,,,,1,,,,,,,,,1,3,,,,,,,,,,,,,,,,,,,,,1,1,,,,,,,,,,,,,,,,,,,,,,,,,,,,,,,,,,,,,18,7,,,6,2,9,2,1,1,,,,,,,,,,,,,,,,,,,,,27,5,,,,1,,,,,,,,,,,,,,,,,,,,,,,,2,,4,3,2,1,,1,,,,,,,,,,,2,,2,3,,,,,,,,,,,,2,36,77,,,,,,,,,,,,
Region VIII - Eastern Visayas,Division of Catbalogan City,,,,,,,,,,,,,,,,,,,,,,,,,,,,2,,,,,,,,,,,,,,,,,,,,,,,,,,,,,,,,,,,,,,,,,,,,,,,,,,,,,,,,,,2,7,1,,,3,4,1,,,,,,,,,,,,,,,,,,,,,,,,,,,,,,,,,,,,,,,,1,,,,,,1,,,,,,,,,,7,,,,,,,,,,,,,,,,,,,,,,,,,,,,,,,1,5,,,,,,,,,,,,
Region II - Cagayan Valley,Division of Cauayan City,,1,,,,,,,2,,,,,1,,,,1,2,,,,,,,,,,,,,,,,,,,,,,,,,,,,,,,,,,,,,,,,,,,,,,,,,,,,,,,,,,,,,,,,,,,1,6,,,,,,,,,,,,,,,,,,,,,,,,,,1,,,,1,1,,,,,,,,,,,1,,,,,,,,,,3,,,,,,,,,,,,,1,,,,,,,,,,,,,,,,,,,,,,,,,,,1,2,3,,,,,,,,,,,,
Region IVA - CALABARZON,Division of Cavite,,,,,,7,,1,6,,,,6,,,,2,,,,,,,,,,,,1,,,,,,,,,,,,,,,,,,,,2,,,,,,,,,,,,,,,,,,,,,,,,,,,,,,,,,,,,2,5,48,9,,,11,3,5,1,,4,,,,,,,,,,,,,,,,,,,,,28,5,,,,1,,,,,,,,,,,1,,,,,,,,,,,,,2,,,,1,,1,,,,,,4,,,,,,,,2,,,,,23,,,,,,,,48,60,72,,,,,,,,,,,,
Region IVA - CALABARZON,Division of Cavite City,,,,,,3,,2,,,1,,,,,,,,,,,,,,,,,3,1,,,,,,,,,,,,,,,,,,,,,,,,,,,,,,,,,,,,,,,,,,,,,,,,,,,,,,,,2,2,3,3,,,,,,,,,,,,,,,,,,,,,,,,,,,,,,,,,,,,,,,,,,,,,,1,,,,,2,,,,,,,,,,2,,,,1,,,,,1,,,,,,,,4,2,,,,,,,,,,,,9,15,8,,,,,,,,,,,,
Region VII - Central Visayas,Division of Cebu City,1,1,,,,6,,5,1,,2,1,13,2,,,,3,,,,,,,,,1,8,,1,,,,,,,,1,,,,,,,,,,,,,1,,,,,,,,,,,,,,,,,,,,,,,,,,,,,,,,,,,7,21,1,,,8,,1,,1,,,,,,,,,,,,,,,,,,,,,,5,4,,,,,,,,1,,,,,,,,,,,,,,,,,,,,,,,3,2,5,1,,,,,,,,,,,,,2,1,,,,,8,,,,,,,,165,47,62,,,,,,,,,,,,
Region VII - Central Visayas,Division of Cebu Province,,1,,,,2,,,,,1,,20,51,,,,21,,,,,,,,,1,,,1,,,,,,,,,,,,,,,,,,,3,,2,,,,,,,,,,,,,,,,,,,,,,,,,,,,,,,,,,5,29,86,1,,,46,7,59,3,,,,,,,,,,,,,,,,1,,,,,,,64,14,,,,1,,,2,,,,,,,,,,,,,,1,,1,,,,,1,,,25,3,1,,,,,,,,,,,,,,,,,,,,9,,,,,,,,331,353,274,,,,,,,,,,,,
Region XII - SOCCSKSARGEN,Division of Cotabato,,,,,,,1,,,,2,,23,11,,,,9,,1,,,,,,,,19,,1,,,,,,,,,,,,,,,,,,,1,,2,,,,,,,,,,,,,,,,,,,,,,,,,,,,,,,,1,,2,8,43,1,,,21,5,11,,,,,,,,,,,,,,,,,,,,,,,,46,18,,,,1,,1,1,,,,,,,,,,,,,,2,,,,,,,,,,20,1,,,,,,,,1,,,,,,,,2,,,,,6,,,,,,,,102,139,84,,,,,,,,,,,,
Region I - Ilocos,Division of Dagupan City,1,,,,,3,1,,,,,,1,6,,,,1,,,,,,,,,,2,,,,,,,,,,,,,,,,,,,,,,,,,,,,,,,,,,,,,,,,1,,,,,,,,,,,,,,,,,,1,8,,,,,1,1,,,,,,,,,,,,,,,,,,,,,,,,4,,,,,,,,,,,,,,,,,,,,,,,,,,,,,,,,1,1,,,,,,,,,,,,,,,,,,,,,3,,,,,,,,8,4,15,,,,,,,,,,,,
Region VII - Central Visayas,Division of Danao City,,1,,,,1,,,,,1,,,2,,,,3,,,,,,,,,,1,,,,,,,,,,,,,,,,,,,,,,,1,,,,,,,,,,,,,,,,,1,,,,,,,,,,,,,,,,,3,3,2,,,,1,,,,,,,,,,,,,,,,,,,,,,1,,,,,,,,,,,,,,,,1,,,,,,,,,,,,,,,,,,,,,,1,,,,,,,,,,,,,,,,,,,,1,,,,,,,,9,11,5,,,,,,,,,,,,
Region IX - Zamboanga Peninsula,Division of Dapitan City,,1,,,,3,1,,,,1,,1,,,,,,,,,,,,,,,,,,,,,,,,,,,,,,,,,,,,1,,,,,,,,,,,,,,,,,,,,,,,,,,,,,,,,,,,,,2,4,,,,,,,1,,,,,,,,,,,,,,,,,,,,,,,,,,,,1,,,,,,,,,,,,,,,,,1,,,,,,,,,,2,,,,,,,,,,,,,,,,,1,,,,,,,,,,,,,3,,1,,,,,,,,,,,,
Region IVA - CALABARZON,Division of Dasmariñas City,,,,,,,,1,,,1,,2,2,,,,2,,,,,,,,,,,,,,,,,,,,,,,,,,,,,,,1,,,,,,,,,,,,,,,,,,,1,,,,,,,,,,,,,,,,,,5,15,6,,,,2,5,1,,,,,,,,,,,,,,,,,,,,,,,7,1,,,,,,,,,,,,,,,1,,,,,,,,,,,,,,,,3,,,,,,,,,,,,,,,,,6,,,,,7,,,,,,,,26,43,15,,,,,,,,,,,,
Region XI - Davao,Division of Davao City,1,,,,,2,,4,1,,3,,14,5,,,,4,,,,,,,,,,1,,,,,,,,,,,,,,,,,,,,,,,1,,,,,,,,,,,,,,,,,1,,,,,,,,,,,,,,,,,,28,30,1,,,18,10,13,,,4,,,,,,,,,,,,,,,,,,,,,41,21,4,,,,,,,,,,,,,,,,,,,,,,,,,,,,,,7,4,2,,,,,,,2,,,,,,,,13,6,2,,,18,,,,,,,,154,183,70,,,,,,,,,,,,
Region XI - Davao,Division of Davao de Oro,,,,,,3,,,,,,,4,1,,,,,,,,,,,,,,1,,1,,,,,,,,,,,,,,,,,,,,,1,,,,,,,,,,,,,,,,,,,,,,,,,,,,,,,,,1,2,5,33,5,,,6,5,5,,,1,,,,,,,,,,,,,,,,,,,,,28,14,,,,,,1,1,,,,,,,,,,,,,,1,,,,,,,,,,11,7,,1,,,,,,,,,,,,,,4,1,,,,2,,,,,,,,97,108,51,,,,,,,,,,,,
Region XI - Davao,Division of Davao del Norte,,1,,,,3,,2,3,,4,1,21,17,,,,2,,,,,,,,,,2,,,,,,,,,,,,,,,,,,,,,2,,1,,,,,,,,,,,,,,,,,5,,,,,,,,,,,,,,,,,1,2,19,1,,,3,4,,2,,,,,,,,,,,,,,,,,,,1,,,,2,,,,,,,,,,,,1,,,,1,,,,,,,,,,,,,,,,1,1,,,,,,,,,,,,,,,,2,,,,,1,1,,,,,,,33,78,14,,,,,,,,,,,,
Region XI - Davao,Division of Davao del Sur,2,,,,,4,,,2,,3,1,18,21,,,1,92,,,,,,,,,,6,,,,,,,,,,1,,,,,,,,,,,,,,,,,,,,,,,,,,,,,1,1,,,,,,,,,,,,,,,1,,1,7,22,1,,,9,4,4,4,,,,,,,,,,,,,,,,,,,,,,,19,13,,,,1,,,,,,,,,,,1,1,,,,,,,1,,,,,,1,,58,3,,1,,,,,,2,,,,,,,,1,,,,,3,,,,,,,,56,118,57,,,,,,,,,,,,
Region XI - Davao,Division of Davao Occidental,,,,,,,,,,,1,,7,2,,,,7,,1,,,,,,,,,,,,,,,,,,,,,,,,,,,,,,,,,,,,,,,,,,,,,,,1,,,,,,,,,,,,,,,,,1,1,1,,,,,3,,,,,,,,,,,,,,,,,,,,,,,,,,4,1,,,,,,,1,,,,,,,,,,,,,,,,,,,,,,,,5,,,,,,,,,,,,,,,,,1,,,,,2,,,,,,,,55,45,18,,,,,,,,,,,,
Region XI - Davao,Division of Davao Oriental,,,,,,,,,,,,,1,2,,,,2,,,,,,,,,,,,,,,,,,,,,,,,,,,,,,,,,1,,,,,,,,,,,,,,,,,,,,,,,,,,,,,,,,,,,3,9,3,,,4,1,1,,,,,,,,,,,,,,,,,,,,,,,,1,,,,,,,,,,,,,,,,1,,,,,,,,,,,,,1,,,,,,,,,,,,,,,,,,,,,,2,,,,,,,,,,,24,13,2,,,,,,,,,,,,1
Region XI - Davao,Division of Digos City,,,,,,5,,,2,,,,1,3,,,,,1,,,,,,,,,,,,,,,,,,,,,,,,,,,,,,,,,,,,,,,,,,,,,,,,1,,,,,,,,,,,,,,,,,,,,1,1,,,1,1,1,,,,,,,,,,,,,,,,,,,,,,,,15,5,,,,,,,,,,,,,,,,,,,,,1,,,,,,,,,,3,1,,1,,,,,,,,,,,,,,1,1,1,,,1,,,,,,,,14,16,4,,,,,,,,,,,,
Region XIII - CARAGA,Division of Dinagat Island,,,,,,1,,1,,,2,,1,1,,,,,,,,,,,,,,,,,,,1,,,,,,,,,,,,,,,,,,1,,,,,,,,,,,,,,,,,1,,,,,,,,,,,,,,,,,,1,6,1,,,11,2,1,,,,,,,,,,,,,,,,,,,,2,,,,8,,1,,,,,,,,,,,,,,,1,,,,,,,,,,,,,,,13,6,,,1,,,,,2,,,,,,,,,,,,,2,,,,,,,,13,37,19,,,,,,,,,,,,
Region IX - Zamboanga Peninsula,Division of Dipolog City,,1,,,,3,,,2,,,,,,,,,1,1,,,,,,,,,,,,,,,,,,,,,,,,,,,,,,1,,,,,,,,,,,,,,,,,,1,,,,,,,,,,,,,,,,,,,1,6,1,,,1,,,,,,,,,,,,,,,,,,,,,,1,,,,,1,,,,1,,,,,,,1,,,,,1,,,,,1,,,,,,,,,,1,,,,,,,,,,,,,,,,,,1,,,,2,,,,,,,,,11,16,,,,,,,,,,,,
Region VII - Central Visayas,Division of Dumaguete City,,1,,,,5,1,5,,,3,,4,3,,,1,,1,,,,,,,,1,,,,,,,,,,,,,,,,,,,,,,,,,,,,,,,,,,,,,,,,,2,,,,,,,,,,,,,,,,,,2,1,,,,1,,,,,,,,,,,,,,,,,,,,,,,,,,3,4,,,,,,,,,,,,,,,,,,,,,2,,,,,,,,,,2,,,,1,,,,,2,,,,,,,,1,,,,,2,1,,,,,,,15,14,,,,,,,,,,,,,5
Region VIII - Eastern Visayas,Division of Eastern Samar,,1,,,,6,,6,9,,,,15,9,,,,20,4,,,,,,,,,1,,,,,,,,,,,,,1,,,,,,,,1,,1,,,,,,,,,,1,,,,,,,1,,,,,,,,,,,1,,,,,,,3,22,7,,1,7,2,8,2,,1,,,,,,,,,,,,,,,,,1,,1,,,3,1,,,,,,,,,,,,,,,,,,,,1,,,,,,,2,,,8,3,,,1,,,,,7,,,,,,2,,,,,,,1,,,,,,,,31,11,11,,,,,,,,,1,,,2
Region X - Northern Mindanao,Division of El Salvador City,,,,,,,,,,,,,,,,,,,1,,,,,,,,,,,,,,,,,,,,,,,,,,,,,,,,,,,,,,,,,,,,,,,,,,,,,,,,,,,,,,,,,,,,,,,,,,,,,,,,,,,,,,,,,,,,,,,,,,2,,,,,,,,,,,,1,,,,,,,,,,1,,,,,,,,,,1,,,,,,,,,2,,,,,,,,,,,,,,,,,,,,,4,3,,,,,,,,,,,,,
Region VI - Western Visayas,Division of Escalante City,,,,,,1,,,,,,,,,,,,,,,,,,,,,,3,,,,,,,,,,,,,,,,,,,,,,,,,,,,,,,,,,,,,,,2,,,,,,,,,,,,,,,,,,,1,4,,,,2,,2,,,,,,,,,,,,,,,,,,,,,,,,7,,,,,,,,,,,,,,,,,,,,,,,,,,,,,,,,1,,,,,,,,,,,,,,,,,,,,,,,,,,,,,,,,8,,,,,,,,,,,,
Region III - Central Luzon,Division of Gapan City,,1,,,,1,,,,,,,,,,,,,1,1,,,,,,,,1,,,,,,,,,,,,,,,,,,,,,,,,,,,,,,,,,,,,,,,,,,,,,,,,,,,,,,,,,,,,5,,,1,,,,,,,,,,,,,,,,,,,,,,,,,,1,,,,,,,,,,,,1,,,,,,,,,,2,,,,,,,,,,5,1,,,,,,,,,,,,,,,,,,,,,,,,,,,,,5,1,5,,,,,,,,,,,,
Region XII - SOCCSKSARGEN,Division of General Santos City,,1,,,,,1,,,,,,3,,,,,1,,,,,,,,,,,,,,,,,,,,,,,,,,,,,,,,,1,,,,,,,,,,,,,,,,1,,,,,,,,,,,,,,,,,,,13,25,1,,,5,1,6,,1,,,,,,,,,,,,,,,,,,,,,,14,10,,,,,,,,,,,,,,,,,,,,,,,,,,,,,,,,2,1,,,,,,,,,,,,,,,2,1,,,,9,,,,,,,,6,25,14,,,,,,,,,,,,
Region IVA - CALABARZON,Division of General Trias City,,,,,,1,,1,,,1,,1,,,,,2,,,,,,,,,,,,,,,,,,,,,,,,,,,,,,,,,,,,,,,,,,,,,,,,,1,,,,,,,,,,,,,,,,,,,1,,1,,,,,,,,1,,,,,,,,,,,,,,,,,,,,,3,2,,,,,,,,,,,,,,,,,,,,,,,,,,,,,,,,,,,1,,,,,,,,,,,,,,,,,,,,,,,,,,4,4,2,,,,,,,,,,,,
Region X - Northern Mindanao,Division of Gingoog City,,1,,,,,,,,,,,,,,,,,3,,,,,,,,,1,,,,,,,,,,,,,,,,,,,,,,,,,,,,,,,,,,,,,,,,2,,,,,,,,,,,,,,,,,,,6,,,,,,,,,,,,,,,,,,,,,,,,,,1,,,,1,,,,,,,,,,,,1,,,,,,,,,,,,,,,,,,,,1,,,,,,,,,,,,,,,,,,,,,,2,,,,,,,,4,,,,,,,,,,,,,,
Region VII - Central Visayas,Division of Guihulngan City,,,,,,1,,,,,,,6,1,,,,,,,,,,,,,,,,1,,,,,,,,,,,,,,,,,,,,,,,,,,,,,,,,,,,,,,,,,,,,,,,,,,,,,,,,1,5,,,,2,2,,,,,,,,,,,,,,,,,,,,,,,,,1,,,,,,,,,,,,,,,,,,,,,,,,,,,,,,,,,1,,,,,,,,,,,,,,,,,,,,,,,,,,,,,11,8,4,,,,,,,,,,,,
Region VI - Western Visayas,Division of Guimaras,,,,,,,,,,,,,,,,,,,,,,,,,,,,,,,,,,,,,,,,,,,,,,,,,,,,,,,,,,,,,,,,,,,,,,,,,,,,,,,,,,,,,,3,9,,,,1,,,,,,,,,,,,,,,,,,,,,,,,,,,,,,,,,,,,,,,,,,,,,,,,,,,,,,,,,,,,,,,,,,,,,,,,,,,,,,,,4,,,,,,,,,,1,,,,,,,,,,,,
Region VI - Western Visayas,Division of Himamaylan City,,,,,,1,,,,,1,,,,,,,,,,,,,,,,,,,,,,,,,,,,,,,,,,,,,,,,2,,,,,,,,,,,,,,,,,,,,,,,,,,,,,,,,,,,2,,,,,1,,2,,,,,,,,,,,,,,,,,,,,,,,,2,1,,,,,,,,,,,,,,,,,,,,,,,,,,,,,,,,1,,,,,,,,,,,,,,,,,,,,,3,,,,,,,,6,22,12,,,,,,,,,,,,
Cordillera Administrative Region (CAR),Division of Ifugao,,,,,,1,,1,2,,3,,2,,,,,1,,,,,,,,,,,,,,,,,,,,,,,,,,,,,,,,,,,,,,,,,,,,,,,,,,,,,,,,,,,,,,,,,,,,2,5,1,,,,,2,,,,,,,,,,,,,,,,,,,,,,,,,,,,,,,,,,,,,,,,,,,,,,,,,,,,,,,,,,,,1,,,,,1,,,,,,,,,,,,,,,,,,,,,7,4,9,,,,,,,,,,,,
Region II - Cagayan Valley,Division of Ilagan City,1,,,,,,,,,,,,,,,,,,,,,,,,,,,,,1,,,,,,,,,,,,,,,,,,,,,,,,,,,,,,,,,,,,,,,,,,,,,,,,,,,,,,,,1,6,,,,,,,,,,,,,,,,,,,,,,,,,,,,,,1,,,,,,,,,,,,,,,,,,,,,,,,,,,,,,,,,,,,,,,,,1,,,,,,,,3,,,,,,,,,,,,,2,22,13,,,,,,,,,,,,
Region X - Northern Mindanao,Division of Iligan City,,1,,,,3,,2,2,,1,,6,4,,,1,3,,,,,,,,,1,2,2,,,,,,,,,,,1,,,,,,,,,,,,,,,,,,,,,,,,,,,,1,,,,,,,,,,,,,,,,,3,8,14,,,,,,2,,1,,,,,,,,,,,,,,,,,,2,,,,14,7,,,,,,,,,,,1,,,,,1,,,,,1,,,,,,,,,,6,2,,,,,,,,1,,,,,,,1,2,,,,,18,1,,,,,,,52,58,33,,,,,,,,,,,,
Region I - Ilocos,Division of Ilocos Norte,,,,,,11,,1,1,,1,,2,2,,,,1,,1,,,,,,,,,,,,,,,,,,,,,,1,,,,,,,3,1,2,,,,,,,,,,,,,,,,1,,,,,,,,,,,,,,,,,,2,5,21,6,,,8,,1,,,,,,,,,,,,,,,,,,,,,,,,4,2,,,,,,,,,,,,,,,,,,,,,,,,,,,,,,,4,,,1,,,,,,1,,,,,,,,,,,,,1,,,,,,,,70,35,18,,,,,,,,,,,,
Region I - Ilocos,Division of Ilocos Sur,3,,,,,17,,1,,,2,,26,12,,,,2,,,,1,,,,,,7,,1,,,,,,,,,,,,,,,,,,,5,,5,,,,,,,,,,,,,,,,,,,,,,,,,,,,,,,,,,,3,20,4,,,13,2,30,,,3,,,,,,,,,,,,,,,,,,,,,27,15,,,,,,4,,,,,,,,,,,,,,,7,,2,,,,,,,1,7,7,,,,,,,,3,,,,,,,,,1,,,,4,,,,,,,,85,98,126,,,,,,,,,,,,
Region VI - Western Visayas,Division of Iloilo,5,,,,,27,2,8,4,,1,,110,62,,,3,26,,,,,1,,,,,14,,1,,,,,,,,,,,,,,,,,,,1,3,1,,,,,,,,,,,,,,,,2,3,,,,,,,,,,,,,,,,,,33,97,9,,,27,9,38,2,,1,,,,,,,,,,,,,,,,,,,,,51,14,,,,,,,1,,,,,,,,3,,,,,,3,,,,,,,1,,,50,15,4,1,,,,,,1,,,,,,,,5,,,,,14,,,,,,,,276,445,146,,,,,,,,,,,,1
Region VI - Western Visayas,Division of Iloilo City,,,,,,1,,2,3,,3,,3,,,,,3,,,,,,,,,,,,1,,,,,,,,,,,,,,,,,,,,,,,,,,,,,,,,,,,,,1,,,,,,,,,,,,,,,,,,,8,13,1,,,,,3,4,,,,,,,,,,,,,,,,,,,,,,,7,,,,,,,,,,,,,,,,,,,,,,,,,,,,,,,,1,2,2,,,,,,,,,,,,,,,,,,,,4,,,,,,,,61,78,18,,,,,,,,,,,,
Region IVA - CALABARZON,Division of Imus City,,,,,,1,,,,,1,,,,,,,,,,,,,,,,,,,,,,,,,,,,,,,,,,,,,,,,,,,,,,,,,,,,,,,,,,,,,,,,,,,,,,,,,,,1,,1,,,,,,2,,,,,,,,,,,,,,,,,,,,,,,6,3,,,,,,,,,,,,,,,,,,,,,,,,,,,,,,,,,,,1,,,,,,,,,,,,1,1,,,,,1,,,,,,,,8,6,4,,,,,,,,,,,,
Region V - Bicol,Division of Iriga City,1,,,,,,,,,,,,,,,,,,,,,,,,,,,,,,,,,,,,,,,,,,,,,,,,,,,,,,,,,,,,,,,,,,,,,,,,,,,,,,,,,,,,,,3,,,,,,,,,,,,,,,,,,,,,,,,,,,,,,2,,,,,,,,,,,,,,,,,,,,,,2,,,,,,,,,,,,,,,,,,,1,,,,,,,1,,,,,,,,,,,,,,3,2,,,,,,,,,,,,,
Region II - Cagayan Valley,Division of Isabela,1,1,,,,5,1,5,21,,1,,27,6,,,,5,,,,2,,,,,,,,1,,,,,,,,,,,,,,,,,,,4,,4,,,,,,,,,,,,,,,,,1,,,,,,,,,,,10,,,,,,,12,40,6,,,9,,7,,,,,,,,,,,,,,,,,,,,6,,1,,18,6,,,,,,5,1,,,,1,,,,,,,,,,,,1,,,,,,,1,8,5,2,1,,,,,,2,3,,,,,,,1,,,,,1,,,,,,,,78,29,50,,,,,,,,,,,,1
Region IX - Zamboanga Peninsula,Division of Isabela City,,,,,,1,,1,,,,,,,,,,1,,,,,,,,,,,,,,,,,,,,,,,,,,,,,,,,,2,,,,,,,,,,,,,,,,,,,,,,,,,,,,,,,,1,,,,6,2,,,2,3,1,1,,,,,,,,,,,,,,,,,,,,,,,3,1,,,,,,,,,,,,,,,,,,,,,,,,,,,,,,,1,1,,,,,,,,,,,,,,,,1,,,,,,,,,,,,,7,5,7,,,,,,,,,,,,1
Region XI - Davao,Division of Island Garden City of Samal,,,,,,,,,,,,,,,,,,,,,,,,,,,,,,,,,,,,,,,,,,,,,,,,,,,,,,,,,,,,,,,,,,,,,,,,,,,,,,,,,,,,,,2,1,,,,1,1,,,,,,,,,,,,,,,,,,,,,,,,,,1,,,,,,,,,,,,,,,,,,,,,,,,,,,,,,,,,,,,,,,,,,,,,,,,1,1,,,,,,,,,,,,10,6,3,,,,,,,,,,,,
Region VI - Western Visayas,Division of Kabankalan City,,,,,,1,,,1,,1,,7,6,,,,2,1,,,,,,,,,,,,,,,,,,,,,,,,,,,,,,,,,,,,,,,,,,,,,,,,,1,,,,,,,,,,,,,,,,,,,5,,,,,,,,,,,,,,,,,,,,,,,,,,,,,,8,2,,,,,,,,,,,,,,,,,,,,,1,,,,,,,,,,12,,,,1,,,,,1,,,,,,,,,,,,,5,,,,,,,,9,43,25,,,,,,,,,,,,
Cordillera Administrative Region (CAR),Division of Kalinga,,,,,,3,1,,1,,1,1,2,1,,,,,,,,,,,,,,,,,,,,,,,,,,,,,,,,,,,2,,,,,,,,,,,,,,,,,,,1,,,,,,,,,,,2,,,,,,,1,3,1,,,,,,,,,,,,,,,,,,1,,,,,,,,,1,,1,,,,,,,,1,,,,,,,,,,,,,,,,,,,,,,,,,,,,,,,,,1,,,,,,,,1,,,,,,,,,,,,,2,4,4,,,,,,,,,1,,,
Region XII - SOCCSKSARGEN,Division of Kidapawan City,,,,,,,,,,,1,,,,,,,,,,,,,,,,,,,,,,,,,,,,,,,,,,,,,,,,,,,,,,,,,,,,,,,,,,,,,,,,,,,,,,,,,,2,,7,2,,,,4,1,,,,,,,,,,,,,,,,,,,,,,,,,,,,,,,,,,,,,,,,,,,,,,1,,,,,,,,,,,,1,,1,,,,,,,,,,,,,,,,,,,,,,,,,,3,4,1,,,,,,,,,,,,
Region XII - SOCCSKSARGEN,Division of Koronadal City,,,,,,2,,1,,,1,,1,,,,,,,,,,,,,,,1,,,,,,,,,,,,,,,,,,,,,,,,,,,,,,,,,,,,,,,,,,,,,,,,,,,,,,,,,1,3,5,,,,,,,,,,,,,,,,,,,,,,,,,,,,,,2,3,,,,,,,,,,,,,,,,,,,,,,,,,,,,,,,,1,,1,,,,,,,,,,,,,,,,,,,3,,,,,,,,10,21,9,,,,,,,,,,,,
Region VI - Western Visayas,Division of La Carlota City,,,,,,1,,,,,3,,6,6,,,1,1,,1,,,,,,,,1,,,,,,,,,,,,,,,,,,,,,,,1,,,,,,,,,,,,,,,,1,,,,,,,,,,,,,,,,,,1,1,7,1,,,,,1,,,1,,,,,,,,,,,,,,,,,,,,,1,1,,,,,,,,,,,,,,,,,,,,,,,,,,,,,,,6,1,,,1,,,,,,,,,,,,1,,,,,,1,,,,,,,,1,5,9,,,,,,,,,,,,
Region I - Ilocos,Division of La Union,1,,,,,22,,2,2,,,,9,1,,,,1,,,,1,,,,2,,3,,2,,,,,,,,,,,,,,,,,,,,,1,,,,,,,,,,,,,,,,,,,,,,,,,,,,,,,,,,,10,30,3,,,5,2,17,1,,,,,,,,,,,,,,,,,,,,,,,5,3,,,,,,,,,,,,,,,1,,,,,,,,,,,,,,,,6,6,4,,,,,,,3,,,,,,,,2,,,,,4,,,,,,,,68,19,12,,,,,,,,,,,,
Region IVA - CALABARZON,Division of Laguna,,,,,,40,1,1,10,,2,1,30,10,,,,16,,,,,,,,,,12,,1,,,,,,,,,,,,,,,,,,,1,1,,,,,,,,,,,,,,,,,,2,,,,,,,,,,,,,,,,,9,6,35,,,,8,7,23,,,1,,,,,,,,,,,,,,,,,,,,,22,13,,,,,,,,,,,,,,,,,,,,,2,,,1,,,,,,,35,10,1,1,,,,,,1,,,,,,,,1,,,,,23,,,,,,,,62,89,63,,,,,,,,,,,,
Region X - Northern Mindanao,Division of Lanao del Norte,1,,,,,11,1,7,,,,,1,9,,,,1,3,,,,,,,,2,4,,1,,,,,,,,,,,,,,,,,,,,,1,,,,,,,,,,,,,,,,,2,,,,,,,,,,,,,,,,1,1,6,17,4,,,1,1,2,1,,,,,,,,,,,,,,,,,,,1,,,,5,4,,,,1,,3,1,,,,1,,,,,,,,,,,,,,,,,,,,4,4,,,,,,,,1,,,,,,,,1,,,,,6,,,,,,,,29,78,44,,,,,,,,,,,,
Region I - Ilocos,Division of Laoag City,,,,,,6,1,,,,,,,1,,,,,,1,,,,,,,,,,1,,,,,,,,,,,,,,,,,,,,,,,,,,,,,,,,,,,,,,1,,,,,,,,,,,,,,,,,,1,6,6,,,,,3,1,,,,,,,,,,,,,,,,,,,,,,,,,,,,,,,,,,,,,,,,,,,,,,,,,,,,,1,,,,,,,,,,,2,,,,,,,,1,,,,,,,,,,,,,8,15,15,,,,,,,,,,,,1
Region VII - Central Visayas,Division of Lapu-lapu City,,,,,,,1,,,,1,,,1,,,,2,,,,1,,,,,,,,1,,,,,,,,,,,,,,,,,,,,,,,,,,,,,,,,,,,,,,1,,,,,,,,,,,,,,,,,,7,13,,,,,,11,,,,,,,,,,,,,,,,,,,,,,,,19,11,,,,,,,,,,,,,,,,1,,,,,,,1,,,,,,,,,1,1,,,,,,,,,,,,,,1,2,,,,,5,,,,,,,,21,8,72,,,,,,,,,,,,
National Capital Region (NCR),Division of Las Piñas,,1,,,,,,,3,,1,,5,3,,,,2,,1,,,,,,,,,,,,,,,,,,,,,,,,,,,,,,,,,,,,,,,,,,,,,,,,,,,,,,,,,,,,,,,,,,3,9,,,,2,1,1,2,1,2,,1,,,,,,,,,,,,,,,,,,,8,12,,,,,,,1,,,,,,,,,,,,,,,,,,,,,,,,,1,,,,,,,,,,,,,,,,,1,1,,,1,,,,,,,,73,88,12,,,,,,,,,,,,
Region V - Bicol,Division of Legazpi City,1,,,,,,,1,3,,1,1,1,1,,1,,1,,,,,,,,,,,,,,,,,,,,,,,,,,,,,,,1,,,,,,,,,,,,,,,,,,1,2,,,,,,,,,,,,,,,,,,3,7,,,,,,2,,,,,,,,,,,,,,,,,,,,,,,,2,,,,,,,,,,,,,,,,,,,,,,1,,,,,,,,,1,1,,,,,,,,,,,,,,,,,,1,,,,1,,,,,,,,12,17,8,,,,,,,,,,,,
Region VIII - Eastern Visayas,Division of Leyte,2,,,,,36,2,6,14,,,1,31,27,,,1,4,3,,,,,,,,,1,,2,,,,,,,,,,,,,,,,,,1,2,,,,,,,,,,,,7,,,,,,,,,,,,,,,,,,5,,,,,,1,19,68,3,,,17,,3,2,,1,,,,,,,,,1,,,,,,,,,,1,,12,8,,,,,,7,,,,,1,,,,,,,,,,9,,,,,,,1,,,25,7,1,1,,,,,,3,,,,,,7,1,1,2,,,,1,,,,,,,,112,49,61,,,,,,1,,,,,,
Region V - Bicol,Division of Ligao City,,,,,,,,,,,,,,,,,,,,,,,,,,,,,,,,,,,,,,,,,,,,,,,,,,,,,,,,,,,,,,,,,,,,,,,,,,,,,,,,,,,,,,,8,,,,,,,,,,,,,,,,,,,,,,,,,,,,,,,,,,,,,,,,,,,,,,,,,,,,,,,,,,,,,,,,,,,,,,,,,,,,,,,,,,,,,,,,,,,,,,,,,,,,,,,,,,
Region IVA - CALABARZON,Division of Lipa City,,,,,,1,,,,,1,,1,2,,,,,,,,,,,,,,,,,,,,,,,,,,,,,,,,,,,,,,,,,,,,,,,,,,,,,2,,,,,,,,,,,,,,,,,,,3,9,,,,1,3,4,,,,,,,,,,,,,,,,,,,,,,,,2,1,,,,,,,,,,,,1,,,,,,,,,,,,,,,,,,,,,,,,,,,,1,,,,,,,,,,,,,3,,,,,,,,24,6,10,,,,,,,,,,,,
Region IVA - CALABARZON,Division of Lucena City,,,,,,1,1,,,,,,,1,,,,,3,,,,,,,,,1,,1,,,,,,,,,,,,,,,,,,,,,,,,,,,,,,,,,,,,,,1,,,,,,,,,,,,,,,,,,1,2,,,,,,,,,,,,,,,,,,,,,,,,,,,,,,3,,,,,,,,,,,,,,,,,,,,,,,,,,,,,,,,2,1,,,,,,,,,,,,,,,,,,,,,1,,,,,,,,4,1,5,,,,,,,,,,,,
Region VIII - Eastern Visayas,Division of Maasin City,,,,,,,,,,,1,,3,1,,,,1,,,,,,,,,,,,,,,,,,,,,,,,,,,,,,,,,,,,,,,,,,,,,,,,,,1,,,,,,,,,,,,,,,,,,,2,,,,,,,,,,,,,,,,,,,,,,,,,,,,,,1,,2,,,,,,,,,,,,,,,,,,,,1,,,,,,,,,,,,,,,,,,,,,,,,,,,,,,,,,,,,,,,,3,,2,,,,,,,,,,,,
Region III - Central Luzon,Division of Mabalacat City,,1,,,,,,,,,,,,1,,,,2,1,,,,,,,,,,,,,,,,,,,,,,,,,,,,,,,,,,,,,,,,,,,,,,,,,,,,,,,,,,,,,,,,,,1,4,4,,,,,,1,,,,,,,,,,,,,,,,,,,,,,,,2,,,,,,,,,,,,1,,,,,,,,,,,,,,,,,,,,,,,,,,,,,,,,,,,,,1,,,,,1,,,,,,,,17,18,11,,,,,,,,,,,,
National Capital Region (NCR),Division of Makati,,1,,,,2,1,1,6,,1,,15,7,,,,2,,,1,,,,,,,3,,1,,,,,,,,,,,,,,,,,,,,,,,,,,,,,,,,,,,,,,1,,,,,,,,,,,,,,,,,,1,14,6,,,,2,3,,,2,,1,,,,,,,,,,,,,,,1,,,,15,26,,,,1,,,,,,,1,,,,,,,,,,1,,,,,,,,,,2,5,1,,,,,,,,,,,,,,,,,,,,2,,,,,,,,46,15,4,,,,,,,,,,,,
National Capital Region (NCR),Division of Malabon City,,,,,,2,,,5,,1,,,1,,,,2,,,,,,,,,,1,,1,,,,,,,,,,,,,,,,,,,,,,,,,,,,,,,,,,,,,,,,,,,,,,,,,,,,,,,,,4,2,,,,,,,,,,1,,,,,,,,,,,,,,,,,,,2,1,,,,,,,,,,,1,,,,,,,,,,,,,,,,,,,,1,1,,,,,,,,,,,,,,,,,,,,,3,,,,,,,,18,12,14,,,,,,,,,,,,
Region X - Northern Mindanao,Division of Malaybalay City,,1,,,,,,2,1,,,,,1,,,,2,2,,,,,,,,,,,1,,,,,,,,,,,,,,,,,,,,,,,,,,,,,,,,,,,,,1,,,,,,,,,,,,,,,,,,,2,10,,,,2,,,,,,,,,,,,,,,,,,,,,,1,,,,1,,,,,,,,,,,,1,,,,,,,,,,,,,,,,,,,,1,,,,,,,,,,,,,,,,,3,,,,,,,,,,,,,17,14,5,,,,,,,,,,,,
Region III - Central Luzon,Division of Malolos City,,,,,,,,,,,,,,,,,1,,,1,,,,,,,,,,,,,,,,,,,,,,,,,,,,,,,,,,,,,,,,,,,,,,,1,,,,,,,,,,,,,,,,,,,,6,,,,4,1,2,,,,,,,,,,,,,,,,,,,,,,,,3,1,,,,,,1,,,,,,,,,,,,,,,,,,,,,,,,,,3,,,,,,,,,,,,,,,,1,1,,,,2,,,,,,,,40,32,16,,,,,,,,,,,,
National Capital Region (NCR),Division of Mandaluyong,1,,,,,,1,1,5,,,1,12,,,,,,,,,,,,,,,,,,,,,,1,,,,,,,,,,,,1,1,,,,,,,,,,,,,,,,,,,1,,,,,,,,,,,,,,,,,,,1,11,1,,,,,10,2,,,,1,1,,,,,,,,,,,,,,,1,,,10,8,,,,,,,,,,,1,,,,,1,,,,,,,,,,,,,,,1,1,,,,,,,,,,,,,,,1,12,4,2,,,2,,,,,,,,11,42,8,,,,,,,,,,,,
Region VII - Central Visayas,Division of Mandaue City,,1,,,,5,,2,,,2,,,1,,,,,,,,,,,,,,,,,,,,,,,,,,,,,,,,,,,,,,,,,,,,,,,,,,,,,,,,,,,,,,,,,,,,,,,,3,7,,,,1,,,,,,,,,,,,,,,,,,,,,,,,,,4,2,,,,,,,,,,,,,,,,,,,,,,,,,,,,,,,,,,,,,,,,2,,,,,,,,,,2,,,3,,,,,,,,5,14,4,,,,,,,,,,,,
National Capital Region (NCR),Division of Manila,2,,,,,113,2,40,31,,4,1,15,14,,,6,1,1,3,1,,,,,,,3,2,2,,,,,,,,,,,,,,,,,,,,,,,,,,,,,,,,,,,,,2,2,,,,,,,,,,,,,,,,,3,4,22,149,,,1,,8,,1,37,,1,,,,,,,,,,,,,,,,,,,184,100,,,,,,4,2,,,,1,,,,1,,,,,,,,,,,,,1,,2,90,13,11,4,,,,,,6,,,,,,,,32,,2,,,13,1,,,,,,,905,322,309,,,,,,,1,1,,,1,5
National Capital Region (NCR),Division of Marikina,,1,,,,4,,,3,,1,,5,,,,,2,3,,,,,,,,,,,1,,,,,,,,,,,,,,,,,,,,,,,,,,,,,,,,,,,,,1,,,,,,,,,,,,,,,,,,,2,16,,,,,,7,,,,,1,,,,,,,,,,,,,,,,,,,23,17,,,,,,,1,,,,1,,,,1,,,,,,1,,,,,,,,,,3,4,3,2,,,,,,3,,,,,,,1,,,,,,17,,,,,,,,14,21,14,,,,,,,,,,,,
Region IVB - MIMAROPA,Division of Marinduque,,1,,,,5,,2,5,,,,13,6,,,,1,,,,,,,,,1,2,,,,,,,,,,,,,,,,,,,,,,,,,,,,,,,,,,,,,,,1,,,,,,,,,,,,,,,,,,,3,11,1,,,5,3,5,2,2,1,,,,,,,,,,,,,,,,,2,,,,8,5,2,,,,,,,,,,1,,,,,1,,,,,,,,,,,,2,,,2,,,,1,,,,,,,,,,,,,6,,,,,3,1,,,,,,,35,21,11,,,,,,,,,,,,
Region V - Bicol,Division of Masbate,,,,,,,,,1,,,1,,,,,,,3,,,,,,,,,1,,1,,,,,,,,,,,,,,,,,,,,,,,,,,,,,,,,,,,,,1,,,,,,,,,,,,,,,,,,,11,41,,,,12,2,11,,,,,,,,,,,,,,,,,,,,1,,,,12,3,,,,1,,,,,,,,,,,,,,,,,,,,,,,,,,,,,,,,,,,,,,,,,,,,,,,,,1,,,,,,,,,4,10,,,,,,,,,,,,
Region V - Bicol,Division of Masbate City,,,,,,,,,,,1,,,,,,,,,,,,,,,,,,,,,,,,,,,,,,,,,,,,,,,,,,,,,,,,,,,,,,,,,1,,,,,,,,,,,,,,,,,,,5,2,,,3,,1,,,,,,,,,,,,,,,,,,,,,,,,4,,,,,,,,,,,,,,,,,,,,,,,,,,,,,,,1,,,,,,,,,,,,,,,,,1,1,,,,,,,,,,,,,17,13,7,,,,,,,,,,,,
Region XI - Davao,Division of Mati City,,,,,,,1,3,6,,1,,1,,,,,2,1,1,,,,,,,,,,1,,,,,,,,,,,,,,,,,,,,,1,,,,,,,,,,,,,,,,,1,,,,,,,,,,,,,,,2,,,2,15,,,,2,1,,1,,,,,,,,,,,,,,,,,,,1,,,,2,2,,,,1,,1,1,,,,,,,,1,,,,,,,,,,,,,,,,,,,,,,,,,,,,,,,,,,1,,,,,,,,,,,,14,10,7,,,,,,,,,,,,
Region III - Central Luzon,Division of Meycauayan City,,,,,,,,,,,1,,2,1,,,,,,,1,,,,,,,,,,,,,,,,,,,,,,,,,,,,,,,,,,,,,,,,,,,,,,1,1,,,,,,,,,,,,,,,,,,3,3,,,,1,,2,1,1,1,,,,,,,,,,,,,,,,,,,,,1,2,,,,,,,,,,,,,,,,,,,,,,,,,,,,,,,1,1,,,,,,,,,,,,,,,,,,1,,,,,,,,,,,15,7,2,,,,,,,,,,,,
Region X - Northern Mindanao,Division of Misamis Occidental,,1,,,,3,2,6,7,,1,1,13,5,,,,1,2,1,,,,,,,,,,,,,,,,,,,,,,,,,,,,,1,,,,,,,,,,,,,,,,,,,2,,,,,,,,,,,,,,,,,,1,11,2,,,4,,3,,,,,,,,,,,,,,,,,,,,1,,,,3,4,,,,,,,1,,,,1,,,,,,,,,,3,,,,,,,,,,1,2,,,,,,,,,,,,,,,,1,,,,,4,1,,,,,,,79,50,36,,,,,,,,,,,,1
Region X - Northern Mindanao,Division of Misamis Oriental,,1,,,,21,,5,6,,2,1,16,12,,,2,8,,,,2,,,,,,1,,,,,,,,,,1,,,,,,,,,,,3,,2,,,,,,,,,,,,,,,,1,,,,,,,,,,,,1,,,,,,,6,23,4,,,8,1,10,,2,,,,,,,,,,,,,,,,,,1,,,,9,5,,,,,,,3,,,,1,,,,,1,,,,,,,,,,,,1,1,,8,4,,,,,,,,11,,,,,,,,2,,,,,11,,,,,,,,107,71,76,,,,,,,,,,,,
Cordillera Administrative Region (CAR),Division of Mt. Province,,,,,,2,,1,,,,,7,4,,,,4,,,1,,,,,,,,,,,,,,,,,,,,,,,,,,,,,,,,,,,,,,,,,,,,,,,1,,,,,,,,,,,1,,,,,,,,5,3,,,4,,,,,,,,,,,,,,,,,,,,,,,,,,6,3,,,,,,,,,,,,,,,,1,,,,,1,,,,,,,,,,3,1,,,,,,,,1,,,,,,,,2,,,,,2,,,,,,,,22,19,20,,,,,,,,,,1,,
Region III - Central Luzon,Division of Muñoz Science City,,,,,,,,,,,,,,,,,,,,,,,,,,,,,,,,,,,,,,,,,,,,,,,,,,,,,,,,,,,,,,,,,,,,,,,,,,,,,,,,,,,,,1,1,4,1,,,,,,,,,,,,,,,,,,,,,,,,,,,,,1,,,,,,,,,,,,,,,,,,,,,,,,,,,,,,,,,,,,,,,,,,,,,,,,,,,,,,,,,,,,,,3,4,4,,,,,,,,,,,,
National Capital Region (NCR),Division of Muntinlupa,1,,,,,,,1,6,,,1,1,,,,,2,,,,,,,,,,2,,,,,,,1,,,,,,,,,,,,,,,,,,,,,,,,,,,,,,,,,,,,,,,,,,,,,,,,,,,4,8,1,,,,,,1,,1,,1,1,,,,,,,,,,,,,,,,,,2,1,,,,,,,,,,,,,,,,,,,,,2,1,,,,,,,,,,,,1,1,,,,,2,1,,,,,,,,,,,,6,,,,,,,,81,110,34,,,,,,,,,,,,
Region V - Bicol,Division of Naga City,,,,,,1,1,1,,,,,2,3,,,,11,,1,,,,,,,,2,,1,,,,,,,,,,,,,,,,,,,1,,,,,,,,,,,,,,,,,,,1,,,,,,,,,,,,,,,,,,5,3,,,,1,,,,,1,,,,,,,,1,,,,,,,,,,,,,4,1,,,,,,,,,,,,,,,,1,,,,,,,,,,,,,,,4,1,,,,,,,,,,,,,,,2,1,,,,,12,,,,,,,,77,23,10,,,,,,,,,,,,
National Capital Region (NCR),Division of Navotas City,,1,,,,,,,,,,,,,,,,,,,,,,,,,,,,1,,,,,,,,,,,,,,,,,,,,,,,,,,,,,,,,,,,,,,,,,,,,,,,,,,,,,,,,2,6,,,,,,,,,,,1,1,,,,,,,,,,,,,,,,,,,,,,,,,,,,,,1,,,,,,,,,,,,,,,,,,,,,,,,,,,,,,,,,,,,,,,,,,1,,,,,,,,,,,,,,,,,,,,,,
Region VI - Western Visayas,Division of Negros Occidental,2,,,,,9,1,1,1,,5,,64,18,,,,25,,2,,,,,,,,13,,1,,,,,,,,,,,,,,,,,,,2,,,,,,,,,,,,,,,,,,1,,,,,,,,,,,,,,,,,,,21,63,,,,7,10,8,2,,,,,,,,,,,,,,,,,1,,,,,,20,7,,,,,,,2,,,,,,,,1,,,,,,2,,2,,,,,,,,31,9,1,,,,,,,,,,,,,,1,3,,1,,,10,,,,,,,,125,151,57,,,,,,,,,,,,1
Region VII - Central Visayas,Division of Negros Oriental,,1,,,,34,,13,4,,3,,50,39,,,,36,,1,,,,,,,,,,2,,,,,,,,,,,,,,,,,,,4,,2,,,,,,,,,,,,,,,,,1,,,,,,,,,,,,,,,,,,5,32,,,,2,1,,1,,,,,,,,,,,,,,,,,1,,1,,,,4,5,,,,,,,,,,,1,,,,1,,,,,,,,,,,,,,,,40,3,,,,,,,,,,,,,,,,1,,,,,4,1,,,,,,,49,38,28,,,,,,,,,,,,
Region VIII - Eastern Visayas,Division of Northern Samar,1,1,,,,30,2,1,10,,1,,13,4,,,1,3,1,,,,,,,,,1,,,,,,,,,,,,,,,,,,,4,1,1,,1,,,,,,,,,,,,,,,,,2,,,,,,,,,,,3,,,,,,,11,31,3,2,,19,7,18,2,1,,,,,,,,,,,,,,,,,,1,,,,19,8,,,,,,,,,,,1,,,,,,,,,,10,,,,,1,,3,,,12,2,1,1,,,,,,2,,,,,,2,,,,,,,5,1,,,,,,,14,42,68,,,,,,,,,,,,
Region III - Central Luzon,Division of Nueva Ecija,2,1,,,,8,1,,1,,,,9,2,,,3,8,3,,1,,,,,,,2,,1,,,,,,,,,,,,,,,,,,,1,,,,,,,,,,,,,,,,,,,10,,,,,,,,,,,,,,,,2,8,7,61,4,,,8,2,24,1,,,,,,,,,,,,,,,,,,,1,,,,4,1,,,,,,,,,,,1,,,,1,,,,,,,,1,,,,,,,,7,,1,1,,,,,,1,,,,,,,,3,,,,,1,,,,,,,,54,45,70,,,,,,,,,,,,
Region II - Cagayan Valley,Division of Nueva Vizcaya,1,1,,,,8,4,9,7,,2,,14,6,,,2,7,2,,,,,,,,,1,,,,,,,,,,,,,,,,,,,,,,,,,,,,,,,,,,,,,,,1,,,,,,,,,,,,,,,,,,,3,19,5,,,4,,4,,,,,,,,,,,,,,,,,,,,1,,,,9,2,,,,,,1,,,,,1,,,,,,,,,,,,1,,,,,,,,2,,,,,,,,,1,3,,,,,,1,6,,2,,,4,,,,,,,,12,6,20,,,,,,,,,,,,
Region IVB - MIMAROPA,Division of Occidental Mindoro,2,1,,,,2,,4,11,,1,,7,15,,,1,5,,,,,,,,,,12,,1,,,,,,,,,,,,,,,,,,,,,,,,,,,,,,,,1,,,,,,1,,,,,,,,,,,,,,,,,1,7,20,,,,4,3,5,1,2,1,,,,,,,,,,,,,,,,,,,,,11,3,,,,,,,,,,,,,,,,,,,,,,,,,,,,,,1,23,3,,,1,,,,,,,,,,,,,5,,,,,,,,,,,,,70,54,39,,,,,,,,,,,,1
Region III - Central Luzon,Division of Olongapo City,,,,,,,,1,,,2,1,1,1,,,,,,,,,,,,,,,,,,,,,,,,,,,,,,,,,,,,,,,,,,,,,,,,,,,,,,,,,,,,,,,,,,,,,,,,3,5,,,,,,1,,,,,,,,,,,,,,,,,,,,,,,,1,,,,,,,,,,,,,,,,1,,,,,,,,,,,,,,,,1,,1,,1,,,,,,,,,,,,,1,,,,,1,,,,,,,,4,1,2,,,,,,,,,,,,
Region IVB - MIMAROPA,Division of Oriental Mindoro,,1,,,,26,1,3,6,,1,,12,5,,,,3,1,,,,,,,,,2,,,,,,,,,,,,,,,,,,,,,,,,,,,,,,,,,,,,,,,,1,,,,,,,,,,,,,,,,,,10,29,1,,,4,1,9,,,,,,,,,,,,,,,,,,,,3,,,,6,1,,,,,,1,1,,,,,,,,,,,,,,,,,,,,,,,,4,1,2,1,,,,,,3,,,,,,,,1,,,,,2,,,,,,,,32,51,22,,,,,,,,,,,,
Region VIII - Eastern Visayas,Division of Ormoc City,,,,,,3,1,,,,,,,,,,1,1,,1,,,,,,,,1,,1,,,,,,,,,,,,,,,,,,,,,,,,,,,,,,,,,,,,,,,,,,,,,,,,,,,,,,,,5,8,,,,1,2,,,,,,,,,,,,,,,,,,,,,,,,,,2,,,,1,,,,,,,,,,,,,,,,,,,,,,,,,,,5,2,,,,,,,,,,,,,,,,,,,,,1,,,,,,,,9,7,2,,,,,,,,,,,,
Region X - Northern Mindanao,Division of Oroquieta City,,1,,,,,,,,,,,,,,,,1,2,,,,,,,,,,,,,,,,,,,,,,,,,,,,,,,,,,,,,,,,,,,,,,,,,,,,,,,,,,,,,,,,,,,,2,,,,1,,3,,,,,,,,,,,,,,,,,,,,1,,,,1,,,,,,,,,,,,1,,,,,,,,,,3,,,,,,,,,,,1,,,,,,,,,,,,,,,,,,,,,,,,,,,,,,9,9,,,,,,,,,,,,
Region X - Northern Mindanao,Division of Ozamiz City,,1,,,,4,2,7,8,,5,1,4,13,,,1,2,2,,,,,,,,,,,,,,1,,,,,1,,,,,,,,,,,,,,,,,,,,,,,,,,,,,1,3,,,,,,,,,,,,,,,,,,,2,,,,1,,,,,,,,,,,,,,,,,,,,,,1,,,,8,,,,,1,,,,,,,1,,,,,,,,,,1,,,,,,,,,,2,,,,1,,,,,6,,,,,,,,2,,,,,5,,,,,,,,41,22,12,,,,,,,,,,,,
Region IX - Zamboanga Peninsula,Division of Pagadian City,,,,,,1,2,,,,,,,,,,,,,,,,,,,,,,,,,,,,,,,,,,,,,,,,,,,,,,,,,,,,,,,,,,,,,,,,,,,,,,,,,,,,,,,,3,,,,,1,,,,,,,,,,,,,,,,,,,,,,,,,,,,,,,,,,,,,,,,,,,,,,,,,,,,,,,,,1,,,,,,,,,1,,,,,,,,,,,,,5,,,,,,,,3,4,1,,,,,,,,,,,,
Region IVB - MIMAROPA,Division of Palawan,,1,,,,22,1,6,9,,2,,74,64,,,,26,,,,,,,,,,9,,1,,,,,,,,,,,,,,,,,,,1,,4,,,,,,,,,,,,,,,,1,3,,,,,,,,,,,,,,,,,,6,38,,,,25,7,23,4,2,1,,,,,,,,,,,,,,,1,,1,,,,38,7,,,,,,,2,,,,,,,,2,,,,,,1,,1,,,,,1,,1,45,5,4,3,,,,,,,1,,,,,,,4,,,,,4,,,,,,,,74,224,161,,,,,,,,,,,,
Region III - Central Luzon,Division of Pampanga,1,1,,,,3,,1,1,,3,,28,12,,,1,3,3,,,,,,,,,,,,,,,,,,,,,,,,,,,,,,,,,,,,,,,,,,,,,,,,,3,,,,,,,,,,,,,,,,,,14,60,1,,,10,,35,,,,,,,,,,,,,,,,,,,,1,,,,19,3,,,,,,,,,,,1,,,,3,,,,,,,,2,,,,,,,,4,5,8,,,,,,,1,,,,,,,,1,,,,,3,1,,,,,,,148,107,29,,,,,,,,,,,,
Region XI - Davao,Division of Panabo City,,1,,,,2,,,,,1,1,5,,,,,1,1,,,,,,,,,,,,,,,,,,,,,,,,,,,,,,,,,,,,,,,,,,,,,,,,,,,,,,,,,,,,,,,,,,,1,6,,,,,1,,3,,,,,,,,,,,,,,,,,,,1,,,,6,2,1,,,,,,,,,,1,,,,,,,,,,,,,,,,,,,,,,1,,,,,,,,,,,,,,,,,,,,1,,,,,,,,22,30,9,,,,,,,,,,,,
Region I - Ilocos,Division of Pangasinan I,2,,,,,38,,5,17,,2,,52,14,,,,14,,,,,,,,,,4,,,,,,,,,,,,,,,,,,,,,2,,2,,,,,,,,,,,,,,,,,1,,,,,,,,,,,,,,,,,,25,74,10,,,13,2,16,,,3,,,,,,,,,,,,,,,,,,,,,36,13,,,,,,,,,,,,,,,,,,,,,,,1,,,,,,,,7,5,,2,,,,,,3,,,,,,,,2,,,,,17,,,,,,,,97,335,137,,,,,,,,,,,,
Region I - Ilocos,Division of Pangasinan II,,,,,,2,,1,7,,1,,6,1,,,1,2,,1,,,,,,,,10,,,,,,,,,,,,,,,,,,,,,5,,1,,,,,,,,,,,,,,,,,,,,,,,,,,,,,,,,,,,11,49,2,,,,,7,,,,,,,,,,,,,,,,,,,,,,,,3,1,,,,,,,,,,,,,,,,,,,,,,,,,,,,,1,,8,7,5,2,,,,,,,,,,,,,,2,,1,,,,,,,,,,,59,49,19,,,,,,,,,,,,
National Capital Region (NCR),Division of Parañaque,,1,,,,6,,1,2,,3,,4,5,,,,4,,,,,,,,,,1,,,,,,,,,,,,,,,,,,,,,,1,,,,,,,,,,,,,,,,,2,,,,,,,,,,,,,,,,,,,1,16,1,,,,,1,,,1,,1,,,,,,,,,,,,,,,,,,,9,6,,,,,,,,,,,1,,,,1,,,,,,,,,,,,,,,,1,2,1,,,,,,,,,,,,,,,2,,,,,1,,,,,,,,21,119,61,,,,,,,,,,,,
National Capital Region (NCR),Division of Pasay City,1,1,1,,,2,1,,,,,,,,,,,,2,,,,,,,,,2,,1,,,,,1,,,,,,,,,,,,,,4,2,4,,,,,,,,,,,,,,,,,,,,,,,,,,,,,,,,,,1,3,12,7,,,,,3,,,1,,1,1,,,,,,,,,,,,,,,,,,1,14,,,,,,,,,,,,,,,,,,,,,,,,,,,,1,,,1,1,,,,,,,,,,,,,,,,32,5,3,1,1,9,,,,,,,,34,42,21,,,,,,,,,,,,
National Capital Region (NCR),Division of Pasig City,1,,,,,7,,,1,1,,,7,3,,,1,1,,,,,,,,,,2,,,,,,,,,,,,,,,,,,,8,1,1,,,,,,,,,,,,,,,,,,,2,,,,1,,,,,,,,,,,,,,2,27,2,,,,1,2,,,2,,1,,,,,,,,,,,,,,,1,,,,31,30,,,2,,,,,,,,1,,,,,,,,,,,,,,,,,,,,2,1,,,,,,,,1,,,,,,,1,2,,,,,20,,,,,,,,46,81,42,,,,,1,,,,,,,
Region VI - Western Visayas,Division of Passi City,1,,,,,,,,,,,,,1,,,,2,,,,,,,,,,,,,,,,,,,,,,,,,,,,,,,,,,,,,,,,,,,,,,,,,,1,,,,,,,,,,,,,,,,,,1,5,,,,1,2,1,,,,,,,,,,,,,,,,,,,,,,,,2,1,,,,,,,,,,,,,,,1,,,,,,,,,,,,,,,,5,,,,,,,,,,,,,,,,,,,,,,,,,,,,,,11,4,2,,,,,,,,,,,,
Region IVB - MIMAROPA,Division of Puerto Princesa City,,1,,,,4,,,1,,2,1,7,2,,,,2,,,,,,,,,,,,,,,,,,,,,,,,,,,,,,1,1,1,,,,,,,,,,,,,,,,,,,,,,,,,,,,,,,,,,,,2,12,1,,,,,1,,,1,,,,,,,,,,,,,,,,,1,,,,2,,,,,,,,,,,,,,,,,,,,,,,,,,,,,,,,,2,1,,1,,,,,1,,,,,,,,,,,,,,,,,,,,,13,12,11,,,,,,,,,,,,
Region IVA - CALABARZON,Division of Quezon,,,,,,9,,3,10,,1,,25,18,,,1,2,3,,,,,,,,3,10,,2,,,,,,,,,,,,,,,,,,,,,,,,,,,,,,,,,,,,,1,1,,,,,,,,,,,1,,,,,,1,14,,4,,,13,3,15,2,,,,,,,,,,,,,,,,,,,1,,,,30,32,,,,,,,2,,,,,,,,1,,,,,,1,,,,,,,2,,,7,3,,,,,,,,2,,,,,,,,4,1,,,,4,,,,,,,,142,102,88,,,,,,,,,,,,1
National Capital Region (NCR),Division of Quezon City,1,,,,,160,1,24,36,,,,13,5,,,3,6,2,2,,,,,,,,10,,,1,,,,,,,1,,,,,,,,,,,4,,8,,,,,,,,,,,,,,,,,9,,,,,,,,,,,,,,,,,2,21,53,10,,,,1,20,1,1,14,,1,,,,,,,,,,,,,,,,,,,54,55,,,,4,,,7,,,,1,,,,,1,,,,,4,,,,,,,1,,,6,8,3,5,,,,,,62,5,,,,,,,34,9,7,,,29,,,,,1,,,478,237,177,,,,,,,,,,,,4
Region II - Cagayan Valley,Division of Quirino,,1,,,,,,3,6,,1,,1,,,,,,3,,,,,,,,,,,,,,,,,,,,,,,,,,,,,,1,,,,,,,,,,,,,,,,,,,,,,,,,,,,,,,,,,,,,2,7,1,,,3,,,,,,,,,,,,,,,,,,,,,,1,,,,1,,1,,,,,,,,,,1,,,,,,,,,,1,,,,,,,,,,2,1,,,,,,,,,2,,,,,,,,,,,,,,,,,,,,5,1,3,,,,,,,,,,,,
Region IVA - CALABARZON,Division of Rizal,,,,,,20,1,2,4,,,,17,6,,,,7,,,,,,,,,,4,,1,,,,,,,,,,,,,,,,,,,2,,,,,,,,,,,,,,,,,,,,,,,,,,,,,,,,,,,,,17,33,,,,13,5,9,1,,,,,,,,,,,,,,,,,,,,,,,39,27,,,,,,,,,,,,,,,,,,,,,1,,,,,,,,,,4,10,1,,,,,,,2,,,,,,,,9,,,,,,,,,,,,,20,136,58,,,,,,,,,,,,
Region IVB - MIMAROPA,Division of Romblon,,1,,,,,,,6,,1,,,3,,,,2,,,,,,,,,,,,,,,,,,,,,,,1,,,,,,,,,,,,,,,,,,,,,,,,,,,,,,,,,,,,,,,,,,,,,6,17,,,,1,5,4,1,2,,,,,,,,,,,,,,,,,,4,,,,6,1,,,,,,,,,,,1,,,,,,,,,,,,,,,,,2,,,2,,,1,,,,,,,,,,,,,,1,,,,,,1,,,,,,,42,13,13,,,,,,,,,,,,
Region VI - Western Visayas,Division of Roxas City,,,,,,,1,,3,,,,1,,,,,,,,,,,,,,,,,1,,,,,,,,,,,,,,,,,,,,,1,,,,,,,,,,,,,,,,,,,,,,,,,,,,,,,,,,,,2,,,1,1,,2,,,,,,,,,,,,,,,,,,,,,,,,5,,,,,1,,,,,,,,,,,,,,,,,,,,,,,,,,,,,1,,,,,,,,,,,,,,,1,,,,,3,,,,,,,,7,5,5,,,,,,,,,,,,
Region VI - Western Visayas,Division of Sagay City,,1,,,,,,,,,1,,3,,,,,1,,1,,,,,,,,,,1,,,,,,,,,,,,,,,,,,,,,1,,,,,,,,,,,,,,,,3,1,,,,,,,,,,,,,,,,,,1,7,,,,3,1,1,,,,,,,,,,,,,,,,,,,,,,,,4,2,,,,,,,,,,,,,,,,,,,,,,,,,,,,,,,,,,,1,,,,,,,,,,,,,,,,,,4,,,,,,,,2,7,12,,,,,,,,,,,,
Region VIII - Eastern Visayas,Division of Samar,,,,,,15,,1,1,,,,7,4,,,,8,3,,,,,,,,,1,,,,,,,,,,,,,,,,,,,,,1,,,,,,,,,,,,1,,,,,,,2,,,,,,,,,,,2,,,,,,,4,29,2,,,5,10,20,,1,1,,1,,,,,,,,,,,,,,,,,,,11,7,,,,,,,2,,,,1,,,,,,,,,,8,,,,,,,,,,4,1,,,,,,,,2,,,,,,1,,,,,,,,1,,,,,,,42,30,49,,,,,,,,,,,,
Region I - Ilocos,Division of San Carlos City,,,,,,16,1,1,,,1,,,1,,,,,,,,,,,,,,,,,,,,,,,,,,,,,,,,,,,,,1,,,,,,,,,,,,,,,,2,,,,,,,,,,,,,,,,,,,5,15,,,,1,,2,,,,,,,,,,,,,,,,,,,,,,,,3,,,,,,,,,1,,,,,,,1,,,,,,,,,,,,,,,,2,,,,2,,,,,1,,,,,,,,1,,,,,1,,,,,,,,11,11,2,,,,,,,,,,,,
Region I - Ilocos,Division of San Fernando City,,1,,,,,1,,2,,,,1,,,,,1,2,,1,,,,,,,,,,,,1,,,,,,,,,,,,,,,,,1,,,,,,,,,,,,,,,,,1,2,,,,,,,,,,,,,,,,,1,1,9,,,,,,1,,,,,,,,,,,,,,,,,,,,1,,,,3,2,,,,,,,,,,,1,,,,,,,,,,,,,,,,,,,,,,,,1,,,,,,,,,,,,,5,1,1,,,4,,,,,,,,3,9,12,,,,,,,,,,,,
Region III - Central Luzon,Division of San Jose City,1,,,,,,,,,,,,,,,,,,,,,,,,,,,,,,,,,,,,,,,,,,,,,,,,,,,,,,,,,,,,,,,,,,,,,,,,,,,,,,,,,,,,1,,5,,,,,,,,,,,,,,,,,,,,,,,,,,,,,,1,,,,,,,,,,,,,,,,,,,,,,,,,,,,,,,,,,,,,,,,,,,,,,,,,,,,,,1,,,,,,,,41,,,,,,,,,,,,,,
Region III - Central Luzon,Division of San Jose del Monte City,,1,,,,,,2,,,3,1,5,3,,,,2,2,,,,,,,,,5,,,,,,,,,,,,,,,,,,,,,,,,,,,,,,,,,,,,,,,,,,,,,,,,,,,,,,,,1,,5,19,1,,,4,1,4,,,,,,,,,,,,,,,,,,,,1,,,,4,,,,,,,,,,,,1,,,,,,,,,,,,,,,,,,,,,1,2,,1,,,,,,,,,,,,,,,,,,7,,,,,,,,95,13,10,,,,,,,,,,,,
National Capital Region (NCR),Division of San Juan City,,1,,,,,,,,,2,1,3,2,,,,,,2,,,,,,,,,,1,,,,,1,,,,,,,,,,,,,,,,,,,,,,,,,,,,,,,,,1,,,,,,,,,,,,,,,,,,1,3,1,,,,,,,,,,1,1,,,,,,,,,,,,,,,,,,1,,,,,,,,1,,,,1,,,,,,,,,,,,1,,,,,,,,1,,,,,,,,,,,,,,,,1,3,,,,,,,,,,1,,,2,1,3,,,,,,,,,,,,
Region IVA - CALABARZON,Division of San Pablo City,,,,,,,,,1,,,,,1,,,,1,,,,,,,,,,,,,,,,,,,,,,,,,,,,,,,1,,,,,,,,,,,,,,,,,,,1,,,,,,,,,,,,,,,,,,4,3,,,,,,,,,,,,,,,,,,,,,,,,,,,,,,5,2,,,,,,,,,,,,,,,,,,,,,,,,,,,,,,,2,,,,,,,,,,,,,,,,,,,,,,3,,,,,,,,7,6,4,,,,,,,,,,,,
Region IVA - CALABARZON,Division of San Pedro City,,,,,,,,,,,,,2,,,,,,,,,,,,,,,,,1,,,,,,,,,,,,,,,,,,,,,,,,,,,,,,,,,,,,,,,,,,,,,,,,,,,,,,,1,,,1,,,,,1,,,,,,,,,,,,,,,,,,,,,,,,,,,,,,,,,,,,,,,,,,,,,,,,,,,,,,,,1,1,1,,1,,,,,,,,,,,,,,,,,,1,,,,,,,,,4,10,,,,,,,,,,,,
Region II - Cagayan Valley,Division of Santiago City,,1,,,,,,,1,,,,1,,,,,,,,,,,,,,,,,,,,,,,,,,,,,,,,,,,,,,,,,,,,,,,,,,,,,,,1,,,,,,,,,,,,,,,,,,1,4,,,,,,,,,,,,,,,,,,,,,,,,,,,,,,,,,,,,,,,,,,1,,,,,,,,,,,,,,,,,,,,,,,,,,,,,,,,,,,,,,,,,,,,,,,,,,4,8,4,,,,,,,,,,,,
Region XII - SOCCSKSARGEN,Division of Sarangani,,,,,,,1,3,,,,,1,4,,,,,1,,,,,,,,,,,,,,,,,,,,,,,,,,,,,,,,,,,,,,,,,,,,,,,,,,,,,,,,,,,,,,,,,,,7,22,1,,,13,2,4,,,,,,,,,,,,,,,,,,,,1,,,,14,,1,,,,,1,,,,,,,,,,,,,,,1,,,,,,,,,,2,1,,,,,,,,,,,,,,,,,,,,,2,,,,,,,,23,41,30,,,,,,,,,,,,1
Region XIII - CARAGA,Division of Siargao,,,,,,3,1,1,,,,,2,1,,,,,,1,,,,,,,,,,,,,,,,,,,,,,,,,,,,,1,,2,,,,,,,,,,,,,,,,,,,,,,,,,,,,,,,,,,,2,6,,,,2,1,2,,,,,,,,,,,,,,,,,,,,1,,,,1,,,,,1,,,1,,,,,,,,,,,,,,,,,,,,,,,,1,,,,1,,,,,2,,,,,,,,,,,,,,,,,,,,,6,5,2,,,,,,,,,,,,
Region VI - Western Visayas,Division of Silay City,,,1,,,2,,1,1,,,,1,6,,,,4,,,,,,,,,,2,,,,,,,,,,2,,,,,,,,,,,,,1,,,,,,,,,,,,,,,,,1,,,,,,,,,,,,,,,,,,2,4,1,,,1,,,1,,1,,,,,,,,,,,,,,,,,,,,,4,,,,,,,,,,,,,,,,,1,,,,,,,,,,,,,,,3,1,2,,,,,,,,,,,,,,,2,,,,,7,,,,,,,,5,15,13,,,,,,,,,,,,
Region VI - Western Visayas,Division of Sipalay City,,,,,,,,,,,,,,4,,,,3,,,,,,,,,,2,,1,,,,,,,,,,,,,,,,,,,,,,,,,,,,,,,,,,,,,,2,,,,,,,,,,,,,,,,,,2,,,,,1,,1,,,,,,,,,,,,,,,,,,,,,,,,8,5,,,,,,,,,,,,,,,,,,,,,,,,,,,,,,,3,,,,1,,,,,,,,,,,,,,,,,,2,,,,,,,,7,24,10,,,,,,,,,,,,
Region VII - Central Visayas,Division of Siquijor,,1,,,,6,1,3,,,3,,9,6,,,,1,,,,,,,,,,,,1,,,,,,,,,,,,,,,,,,,1,,1,,,,,,,,,,,,,,,,1,,,,,,,,,,,,,,,,,,,1,4,,,,1,,5,,,,,,,,,,,,,,,,,,,,,,,,3,2,,,,1,,,,,,,,,,,,1,,,,,3,,,,,,,,,,6,,,,,,,,,,,,,,,,,,,,,,2,,,,,,,,4,16,9,,,,,,,,,,,,
Region V - Bicol,Division of Sorsogon,2,,,,,4,,3,4,,,,13,,,,1,,,,,,,,,,,,,,,,,,,,,,,,,,,,,,,,3,,2,,,,,,,,,,2,,,,,,,,,,,,,,,,,,,,,,,,,8,34,1,,,9,4,2,,,,,,,,,,,1,,,,,,,,,,,,,7,10,,,,,,,,,,,,,,,,,,,,,3,,,,,,,,,,3,4,,,,,,,,,,,,,,3,,3,1,1,,,1,,,,,,,,27,25,25,,,,,,,,,,,,2
Region V - Bicol,Division of Sorsogon City,,,,,,,,,,,1,,,1,,,,2,,,,,,,,,,,,1,,,,,,,,,,,,,,,,,,,,,,,,,,,,,,,,,,,,,,,,,,,,,,,,,,,,,,,,1,9,,,,,,,,,,,,,,,,,,,,,,,,,,,,,,1,1,,,,,,,,,,,,,,,,,,,,,,,,,,,,,,,1,,,,,,,,,,,,,,,1,,,,,,,,,,,,,,,2,,1,,,,,,,,,,,,
Region XII - SOCCSKSARGEN,Division of South Cotabato,,,,,,4,,6,,,,1,8,,,,,4,,,,,,,,,,8,,,,,,,,,,,,,,,,,,,,,,,,,,,,,,,,,,,,,,,,,,,,,,,,,,,,,,,1,1,,3,34,,,,14,4,3,,,,,,,,,,,,,,,,,,,,,,,,11,2,,,,,,1,,,,,,,,,,1,,,,,,,1,,,,,,,,9,4,,2,,,,,,2,,,,,,,,3,,,,,5,,,,,,,,50,65,59,,,,,,,,,,,,1
Region VIII - Eastern Visayas,Division of Southern Leyte,,,,,,1,,2,1,,2,,6,15,,,1,58,,2,,,,,,,,5,,,,,,,,,,1,,,,,,,,,,,1,,,,,,,,,,,,2,,,,,,,1,,,,,,,,,,,,,,,,,,3,13,1,,,4,1,3,,,,,,,,,,,,,,,,,,,,,,,,8,3,1,,,,,,2,,,,,,,,,,,,,,,,2,,,,,,,,11,1,,,,,,,,,,,,,,1,1,1,,1,,,5,,,,,,,,92,64,32,,,,,,,,,,,,
Region IVA - CALABARZON,Division of Sta. Rosa City,,,,,,1,,,,,,,,,,,,,,,,,,,,,,,,1,,,,,,,,,,,,,,,,,,,1,,,,,,,,,,,,,,,,,,,,,,,,,,,,,,,,,,,,1,1,3,,,,,,,,,,,,,,,,,,,,,,,,,,,,,,1,,,,,,,,,,,,,,,,,,,,,,,,,,,,,,,,,,,,,,,,,,,,,,,,,1,,,,,2,,,,,,,,6,12,3,,,,,,,,,,,,
Region IVA - CALABARZON,Division of Sto. Tomas City,,,,,,,,,,,,,,1,,,,,,,,,,,,,,,,,,,,,,,,,,,,,,,,,,,,,,,,,,,,,,,,,,,,,,,,,,,,,,,,,,,,,,,,,,,,,1,2,,,,,,,,,,,,,,,,,,,,,,,,,1,,,,,,,,,,,,,,,,,,,,,,,,,,,,,,,,1,1,,,1,,,,,,,,,,,,2,,,,,,1,,,,,,,,1,2,4,,,,,,,,,,,,
Region XII - SOCCSKSARGEN,Division of Sultan Kudarat,,,,,,11,,1,,,2,,3,4,,,,5,,,,,,,,,,8,,,,,,,,,,,,,,,,,,,,,2,,2,,,,,,,,,,,,,,,,,,,,,,,,,,,,,,,,,,,6,23,,,,11,7,8,1,,,,,,,,,,,,,,,,,,,,,,,13,2,,,,,,,,,,,,,,,1,,,,,,,,,,,,,,,,22,,2,,,,,,,,,,,,,,,,,,,,1,,,,,,,,56,51,35,,,,,,,,,,,,
Region XIII - CARAGA,Division of Surigao City,,,,,,1,,1,,,,,,,,,,,,,,,,,,,,,,,,,,,,,,,,,,,,,,,,,,,,,,,,,,,,,,,,,,,,,,,,,,,,,,,,,,,,,,1,5,,,,,,,,,,,,,,,,,,,,,,,,,,,,,,1,,,,,1,,,,,,,,,,,,,,,,,,,,,,,,,,,2,1,,,,,,,,2,,,,,,,,,,,,,2,,,,,,,,1,1,4,,,,,,,,,,,,
Region XIII - CARAGA,Division of Surigao del Norte,,,,,,7,1,5,4,,1,,5,2,,,,17,,,,,,,,,1,3,,,,,,,,,,,,,,,,,,,1,,1,,,,,,,,,,,,,,,,,,1,,,,,,,,,,,,,,,,,,,4,14,1,,,2,1,,1,,,,,,,,,,,,,,,,,,,1,,,,4,4,,,,1,,,1,,,,,,,,,,,,,,,,,,,,,1,,,13,1,3,,1,,,,,4,,,,,,,,3,,,,,,,,,,,,,4,27,24,,,,,,,,,,,,
Region XIII - CARAGA,Division of Surigao del Sur,,,,,,,,,5,,,,1,,,,,,2,,,,,,,,,2,,,,,,,,,,,,,,,,,,,,,,,1,,,,,,,,,,,,,,,,1,,,,,,,,,,,,,,,,,,,5,22,2,,,,,1,,,,,,,,,,,,,,,,,,,,,,,,2,1,,,,1,,,,,,,,,,,1,,,,,,,,,,,,,,,,,2,,,,,,,,,,,,,,,,,,,,,,,,,,,,,3,3,14,,,,,,,,,,,,
Region V - Bicol,Division of Tabaco City,,,,,,,,,4,,1,,,1,,,,1,,1,,,,,,,,1,,,,,,,,,,,,,,,,,,,,,,,,,,,,,,,,,,,,,,,,1,,,,,,,,,,,,,,,,,,1,7,,,,,,1,,,2,,,,,,,,,,,,,,,,,1,,,,1,1,,,,,,,,,,,,,,,1,,,,,,,,1,,,,,,,,1,,,,,,,,,,,,,,,,1,,,,,,,,,,,,,,5,3,4,,,,,,,,,,,,
Cordillera Administrative Region (CAR),Division of Tabuk City,,,,,,,,,,,,,1,,,,1,,,,,,,,,,,,,1,,,,,,,,,,,,,,,,,,,,,,,,,,,,,,,,,,,,,1,,,,,,,,,,,,,,,,,,,1,5,,,,,,1,,,,,,,,,,,,,,,,,,,,,,,,1,,,,,,,,,,,,,,,,,,,,,,,,,,,,,,,,,,,,,,,,,,,,,,,,,,,,,,,,,,,,,,1,2,1,,,,,,,,,,,,
Region VIII - Eastern Visayas,Division of Tacloban City,,1,,,,8,,3,2,,,,1,3,,,,,2,,,,,,,,,2,,,,,,,,,,,,,1,1,,,,,,,,1,,,,,,,,,,,,,,,,,,,,,,,,,,,,,,,,,,,,3,10,2,,,2,,2,1,,,,,,,,,,,,,,,,,,,,,,,4,1,,,,,,,,,,,1,,,,,,,,,,,,,,,,,,,,1,3,1,,1,,,,,1,,,,,,,,,,1,,,,,,,,,,,21,11,24,,,,,,,,,,,,
Region XII - SOCCSKSARGEN,Division of Tacurong City,,,,,,,,,,,,,,,,,,,,,,,,,,,,,,1,,,,,,,,,,,,,,,,,,,,,,,,,,,,,,,,,,,,,,,,,,,,,,,,,,,,,,,,3,3,,,,,,1,1,,,,,,,,,,,,,,,,,,,,,,,,,,,,1,,,,,,,,,,,,1,,,,,,,,,,,,,,,,,,,,,,,,,,,,,,,,,,,,,,,,,,,,,,,,,,,,,,,,,,,
Region VII - Central Visayas,Division of Tagbilaran City,,1,,,,2,,,,1,,,2,3,,,,2,1,,1,,,,,,,,,1,,,,,,,,,,,,,,,,,,,,,,,,,,,,,,,,,,,,,,,,,,,,,,,,,,,,,,,,1,1,,,,,,,,,,,,,,,,,,,,,,,,,,,,,,,,,,,,,,,,,,1,,,,,,,,,,1,,,,,,,,,,1,,,,,,,,,,,,,,,,,,,1,,,,,,,,,,,9,7,3,,,,,,,,,,,,
National Capital Region (NCR),Division of Taguig and Pateros,,,,,,,,2,2,,2,,30,14,,,,7,,,,,,,,,,14,,,,,,,,,,,,,,,,,,,,,,,,,,,,,,,,,,,,,,,,,,,,,,,,,,,,,,,,,,6,25,5,,,1,,3,3,,4,,1,,,,,,,,,,,,,,,1,,1,,40,22,,,,,,,,,,,1,,,,,,,,,,1,,,,1,,,,,,3,4,,,,,,,,1,,,,,,,,7,,,,,14,,,,,,,,34,154,77,,,,,,,,,,,,
Region XI - Davao,Division of Tagum City,,,,,,1,,1,,,3,,,1,,,,,,,,,,,,,,3,,1,,,,,,,,,,,,,,,,,,,,,,,,,,,,,,,,,,,,,,,,,,,,,,,,,,,,,,,,1,7,,,,1,,,1,,1,,,,,,,,,,,,,,,,,,,,,6,4,2,,,,,,,,,,,,,,,,,,,,,,,,,,,,,,3,3,,,,,,,,,,,,,,,,1,2,,,,2,,,,,,,,4,23,9,,,,,,,,,,,,
Region VII - Central Visayas,Division of Talisay City,,1,,,,5,,,,,2,,8,,,,,,2,2,,,,,,,,1,,,,,,,,,,,,,,,,,,,,,,,,,,,,,,,,,,,,,,,,2,,,,,,,,,,,,,,,,,1,1,4,,,,6,1,,,,,,,,,,,,,,,,,,,,,,,,,4,,,,,,,,,,,,1,,,,,,,,,,,,,,,,,,,,1,,,,,,,,,,,,,,,,,,,,,,2,,,,,,,,11,15,41,,,,,,,,,,,,
Region IVA - CALABARZON,Division of Tanauan City,,,,,,,,,,,,,,,,,,,,1,,,,,,,,,,,,,,,,,,,,,,,,,,,,,,,,,,,,,,,,,,,,,,,,,,,,,,,,,,,,,,,,,,1,1,,,,3,,1,,,,,,,,,,,,,,,,,,,,,,,,1,,,,,,,,,,,,,,,,,,,,,,1,,,,,,,,,,1,,,,,,,,,,,,,,,,,,,,,,,,,,,,,,,,4,,,,,,,,,,,,
Region XIII - CARAGA,Division of Tandag City,,,,,,,,,1,,,,1,,,,1,,,,,,,,,,,,,,,,,,,,,,,,,,,,,,,,,,,,,,,,,,,,,,,,,,,,,,,,,,,,,,,,,,,,,2,1,,,,1,,,,,,,,,,,,,,,,,,,,,,,,,,4,,,,,,,,,,,,,,,,1,,,,,,,,,,,,,,,,,,,,,,,,,,,,,,,,,1,,,,,1,,,,,,,,7,4,2,,,,,,,,,,,,
Region X - Northern Mindanao,Division of Tangub City,,1,,,,,,,1,,1,,2,,,,,1,2,,,,,,,,,,,,,,,,,,,,,,,,,,,,,,,,,,,,,,,,,,,,,,,,,,,,,,,,,,,,,,,,,,,1,2,,,,,1,1,,,,,,,,,,,,,,,,,,,,1,,,,,,,,,1,,,,,,,1,,,,,,,,,,2,,,,,,,,,,1,,,,,,,,,,,,,,,,,1,,,,,,,,,,,,,2,7,2,,,,,,,,,,,,
Region VII - Central Visayas,Division of Tanjay City,,1,,,,4,,,,,,,,,,,,2,,,,,,,,,,,,,,,,,,,,,,,,,,,,,,,,,1,,,,,,,,,,,,,,,,,,,,,,,,,,,,,,,,,,,,5,,,,1,2,,,,,,,,,,,,,,,,,,,,,,,,,2,1,,,,,,,,,,,1,,,,,,,,,,2,,,,,,,,,,1,,,,1,,,,,1,,,,,,,,,1,,,,,,,,,,,,7,11,16,,,,,,,,,,,,
Region III - Central Luzon,Division of Tarlac,1,1,,,,13,1,4,10,,1,,56,16,,,,11,3,,,,,,,,,,2,,,,,,,,,,,,,,,,,,,,1,,2,,,,,,,,,1,,,,,,,,11,,,,,,,,,,,,,,,,,1,5,49,2,,,6,2,38,,,10,,,,,,,,,,,,,,,,,3,,,,9,13,,,,,,,,,,,1,,,,1,,,,,,,,,,,,,2,,,6,6,1,1,,,,,,1,,,,,,,2,2,,,,,7,1,,,,,,,55,69,99,,,,,,,,,,,,4
Region III - Central Luzon,Division of Tarlac City,,1,,,,2,,1,,,,,,,,,,2,1,,,,,,,,,,,,,,,,,,,,,,,,,,,,,,,,,,,,,,,,,,,,,,,,,1,,,,,,,,,,,,,,,,,,3,6,,,,3,1,4,,,,,,,,,,,,,,,,,,,,,,,,1,4,,,,,,,,,,,1,,,,,,,,,,,,,,,,,,,,3,,,,,,,,,2,,,,,,,,,,,,,7,,,,,,,,2,7,18,,,,,,,,,,,,
Region IVA - CALABARZON,Division of Tayabas City,,,,,,,,,,,,,,,,,,,,,,,,,,,,,,,,,,,,,,,,,,,,,,,,,,,,,,,,,,,,,,,,,,,,,,,,,,,,,,,,,,,,,,,2,,,,,,,,,,,,,,,,,,,,,,,,,,,,,,,,,,,1,,,,,,,,,,,,,,,,,,,,,,,,,,,,,,,,,,,,,,,,,,,,,,,,,,,,,,,,,,,1,,,,,,,,,,,,
Region VII - Central Visayas,Division of Toledo City,,,,,,5,,1,,,,,2,,,,,3,,,,,,,,,2,,,1,,,,,,,,,,,,,,,,,,,,,,,,,,,,,,,,,,,,,1,1,,,,,,,,,,,,,,,,,,2,2,,,,,,,,,,,,,,,,,,,,,,,,,,,,,,3,2,,,,,,,,,,,,,,,,,,,,,2,,,,,,,,,,4,,,,,,,,,,,,,,,,,,,,,,,,,,,,,,4,14,11,,,,,,,,,,,,
Region II - Cagayan Valley,Division of Tuguegarao City,,1,,,1,,,1,,,1,,,,,,,1,,,,,,,,,,1,,,,,,,,,,,,,1,,,,,,,,,,,,,,,,,,,,,,,,,,1,,,,,,,,,,,,,1,1,,,,,,,,,,,,,,,,,,,,,,,,,,,,,,,,1,,,,6,1,,1,,,,,,,,,1,,,,1,,,,,,,,,,,,,,,,,1,,,,,,,,,,,,,,,,,,,,,,,,,,,,,4,12,17,,,,,,,,,,,,
Region I - Ilocos,Division of Urdaneta City,,,,,,1,,,,,,,,,,,,,,,,,,,,,,,,,,,,,,,,,,,,,,,,,,,,,1,,,,,,,,,,,,,,,,,1,,,,,,,,,,,,,,,,,,2,6,,,,2,,8,1,,,,,,,,,,,,,,,,,,,,,,,5,1,,,,,,,,,,,,,,,,1,,,,,,,,,,,,,,,,1,1,,,,,,,,,,,,,,,,,1,,,,,,,,,,,1,4,14,,,,,,,,,,,,
Region X - Northern Mindanao,Division of Valencia City,,,,,,,,,,,,,1,,,,,,,,,,,,,,,,,,,,,,,,,,,,,,,,,,,,,,,,,,,,,,,,,,,,,,,,,,,,,,,,,,,,,,,,,2,6,,,,,,,,,,,,,,,,,,,,,,,,,,,,,,,,,,,,,,,,,,1,,,,1,,,,,,,,,,,,,,,,2,,,,,,,,,,,,,,,,,,,,,,,,,,,,,,17,7,,,,,,,,,,,,,
National Capital Region (NCR),Division of Valenzuela,,,,,,1,,1,7,,,,2,,,,,2,,,,,,,,,,2,,,,,,,,,,,,,,,,,,,,,,,,,,,,,,,,,,,,,,,,,,,,,,,,,,,,,,,,,,1,6,,,,,,,,,1,,1,,,,,,,,,,,,,,,1,,,,6,4,,,,,,,,,,,,,,,,,,,,,,,,,,,,,,,,1,,,,,,,,,,,,,,,,,,,,,1,,,,,,,,18,41,11,,,,,,,,,,,,
Region VI - Western Visayas,Division of Victorias City,,,,,,,,,,,,1,1,1,,,,,,,,,,,,,,,,1,,,,,,,,,,,,,,,,,,,,,,,,,,,,,,,,,,,,,1,,,,,,,,,,,,,,,,,,,,,,,,,,2,,,,,,,,,,,,,,,,,,,,,,,,1,2,,,,,,,,,,,,,,,,1,,,,,,,,,,,,,,,2,,,,,,,,,,,,,,,,,,,,,,,,,,,,,,,23,13,,,,,,,,,,,,
Region I - Ilocos,Division of Vigan City,,,,,,3,,,1,,,,,,,,,,,,,,,,,,,,,,,,,,,,,,,,,,,,,,,,,,,,,,,,,,,,,,,,,,,,,,,,,,,,,,,,,,,,,,4,2,,,,,,,,,,,,,,,,,,,,,,,,,,,,,1,,,,,,,,,,,,,,,,,,,,,,,,,,,,,,,,,,,,,,,,,,,,,,,,,,,,,,1,,,,,,,,1,,3,,,,,,,,,,,,
Region III - Central Luzon,Division of Zambales,,1,,,,1,,1,,,2,,13,4,,,,10,,,,,,,,,,9,,,,,,,,,,,,,,,,,,,,,1,,2,,,,,,,,,,,,,,,,,,,,,,,,,,,,,,,1,,,1,8,22,2,,,7,1,2,,,,,,,,,,,,,,,,,,,,,,,,7,2,,,,,,,1,,,,1,,,,,,,,,,,,,,,,,,,,36,2,1,,,,,,,,,,,,,,2,7,,1,,,2,,,,,,,,103,67,35,,,,,,,,,,,,
Region IX - Zamboanga Peninsula,Division of Zamboanga City,,,,,,7,,3,3,,,1,7,6,,,,7,,,,,,,,,,3,,,,,,,,,,,,,,,,,,,,,,,,,,,,,,,,,1,,,,,,,,,,,,,,,,,,,,,,,,,7,20,,,,10,2,4,2,2,,,,,,,,,,,,,,,,,,,,,,28,9,2,,,,,,1,,,,,,,,,,,,,,1,,,,,,,,,,2,4,1,1,,,,,,1,,,,,,1,,3,1,,,,8,,,,,,,,52,79,69,,,,,,,,,,,,
Region IX - Zamboanga Peninsula,Division of Zamboanga del Norte,,,,,,8,1,3,1,,,,4,7,,,,3,1,,,,,,,,,,,,,,,,,,,,,,,,,,,,,,1,,,,,,,,,,,,3,,,,,,,2,,,,,,,,,,,,,,,1,,,10,24,,,,41,12,13,2,3,,,,,,,,,,,,,,,,,,,,,,47,5,,,,,,,1,,,,1,,,,,,,,,,,,,,,,,,,,11,5,1,1,,,,,,,,,,,,3,,6,4,,,,1,1,,,,,,,66,115,120,,,,,,,,,,,,
Region IX - Zamboanga Peninsula,Division of Zamboanga del Sur,,,,,,10,1,13,6,,,,,,,,,1,,,,,,,,,,,,1,,,,,,,,,,,,,,,,,,,1,,,,,,,,,,,,,,,,,,,,,,,,,,,,,,,,,,,,1,6,27,,,,12,12,5,2,1,,,,,,,,,,,,,,,,,,,,,,5,5,,,,,,,,,,,,,,,,,,,,,,,,,,,,,,,15,3,,,,,,,,1,,,,,,1,,,,1,,,2,1,,,,,,,49,60,28,,,,,,,,,,,,1
Region IX - Zamboanga Peninsula,Division of Zamboanga Sibugay,,,,,,,,1,,,1,,5,,,,,,1,,,,,,,,,,,,,,,,,,,,,,,,,,,,,,,,1,,,,,,,,,,,,,,,,,3,,,,,,,,,,,,,,,,,,10,11,,,,15,11,4,5,1,,,,,,,,,,,,,,,,,,,,,,11,7,,,,1,,,1,,,,,,,,1,,,,,,,,,,,,,,,,1,4,1,,,,,,,,,,,,,,,,,,,,,,,,,,,,14,9,15,,,,,,,,,,,,
