Region,Division,Accountant I,Accountant II,Accountant III,Accountant IV,Accounting Clerk II,Administrative Aide I,Administrative Aide II,Administrative Aide III,Administrative Aide IV,Administrative Aide V,Administrative Aide VI,Administrative Assistant I,Administrative Assistant II,Administrative Assistant III,Administrative Assistant V,Administrative Assistant VI,Administrative Officer I,Administrative Officer II,Administrative Officer III,Administrative Officer IV,Administrative Officer V,Agriculturist I,Agriculturist II,Aquaculturist I,Architect III,Assistant School Principal I,Assistant School Principal II,Assistant School Principal III,Assistant Schools Division Superintendent,Assistant Special School Principal,Assistant Teacher's Camp Superintendent,Attorney III,Attorney IV,Attorney V,Bookkeeper,Cashier I,Chief Accountant,Chief Administrative Officer,Chief Education Program Specialist,Chief Education Supervisor,Chief Health Program Officer,Clerk I,Clerk II,Clerk III,College Librarian I,College Librarian II,Communications Equipment Operator I,Communications Equipment Operator II,Communications Equipment Operator III,Communications Equipment Operator IV,Computer File Librarian I,Computer Maintenance Technologist I,Computer Maintenance Technologist III,Computer Programmer II,Computer Programmer III,Construction and Maintenance Man,Cook I,Coxswain,Crafts Education Demonstrator I,Crafts Education Demonstrator II,Creative Arts Specialist II,Dental Aide,Dentist I,Dentist II,Dentist III,Department Assistant Secretary,Department Legislative Liaison Specialist,Department Secretary,Department Undersecretary,Director II,Director III,Director IV,Disbursing Officer I,Disbursing Officer II,Dormitory Manager I,Dormitory Manager II,Draftsman II,Driver I,Education Program Specialist I,Education Program Specialist II,Education Program Supervisor,Electronics and Communications Equipment Technician I,Engineer II,Engineer III,Engineer IV,Engineer V,Executive Assistant I,Executive Assistant II,Executive Assistant III,Executive Assistant IV,Executive Assistant V,Executive Director II,Farm Worker I,Fisherman,Guesthouse Caretaker,Guidance Coordinator I,Guidance Coordinator II,Guidance Coordinator III,Guidance Counselor I,Guidance Counselor II,Guidance Counselor III,Guidance Services Specialist I,Guidance Services Specialist II,Handicraft Worker I,Handicraft Worker II,Head Executive Assistant,Head Teacher I,Head Teacher II,Head Teacher III,Head Teacher IV,Head Teacher V,Head Teacher VI,Health Education and Promotion Officer II,Health Education and Promotion Officer III,Heavy Equipment Operator I,Houseparent I,Human Resource Management Officer I,Information Systems Analyst II,Information Systems Analyst III,Information Systems Researcher III,Information Technology Officer I,Information Technology Officer II,Information Technology Officer III,Instructor I,Instructor II,Internal Auditing Assistant,Internal Auditor I,Internal Auditor II,Internal Auditor III,Internal Auditor IV,Internal Auditor V,Laboratory Technician I,Legal Assistant I,Legal Assistant II,Librarian I,Librarian II,Light Equipment Operator,Lineman I,Marine Engineman I,Master Fisherman I,Master Teacher I,Master Teacher II,Master Teacher III,Master Teacher IV,Mechanic I,Mechanical Plant Operator I,Mechanical Plant Operator II,Medical Officer II,Medical Officer III,Medical Officer IV,Metal Worker I,Nurse I,Nurse II,Nurse II  (for abolition),Nurse Maid I,Nursing Attendant I,Nutritionist-Dietitian I,Nutritionist-Dietitian II,Photoengraver II,Planning Officer II,Planning Officer III,Planning Officer V,Project Development Officer I,Project Development Officer II,Project Development Officer III,Project Development Officer IV,Project Development Officer V,Proofreader II,Psychologist I,Public Schools District Supervisor,Records Officer II,Registrar I,Registrar II,Reproduction Machine Operator I,School Farm Demonstrator,School Farming Coordinator I,School Farming Coordinator II,School Farming Coordinator III,School Librarian I,School Librarian II,School Librarian III,School Principal I,School Principal II,School Principal III,School Principal IV,Schools Division Superintendent,Science Research Specialist II,Science Research Technician I,Science Research Technician III,Science Research Technician IV,Security Guard I,Security Guard II,Security Guard III,Security Officer II,Senior Administrative Assistant I,Senior Administrative Assistant II,Senior Administrative Assistant III,Senior Administrative Assistant V,Senior Bookkeeper,Senior Education Program Specialist,Senior Science Research Specialist,Social Welfare Officer I,Special Education Teacher I,Special Education Teacher II,Special Education Teacher III,Special Education Teacher IV,Special Education Teacher V,Special Investigator II,Special Investigator III,Special School Principal I,Special School Principal II,Special Science Teacher I,Special Science Teacher II,Statistician Aide,Statistician I,Statistician II,Statistician III,Supervising Administrative Officer ,Supervising Education Program Specialist,Supervising Health Program Officer,Supply Officer I,Teacher Credentials Evaluator I,Teacher Credentials Evaluator II,Teacher I,Teacher II,Teacher III,Teachers' Camp Superintendent,Teaching-Aids Specialist,Telegram Carrier,Typesetter II,Utility Foreman,Utility Worker I,Vocational Placement Coordinator I,Vocational School Administrator I,Vocational School Administrator II,Vocational School Administrator III,Warehouseman III,Watchman I,Watchman II
Region XIII - CARAGA,Division of Bayugan City,,,1,,,1,,1,2,,5,1,26,27,,,1,40,,4,2,,,,,,3,,1,,,,,,,,,,,2,,,,,,,,,,,,,,,,,,,,,,,,,,,,,,,,,,,,,,,,3,11,,,,,,,,,,,,,,,,,,,1,,,,,,,15,13,8,2,1,1,,,,,,,,,1,,,,,,,,,,,,,,,1,,,,,87,31,,,,,,,1,,,,9,,,,,,,,1,,5,2,,,,,,1,,1,,,,,,,,,,14,15,10,1,1,,,,,3,,,,,,,,,2,,,10,1,,,,,,,,14,,,,,,,,,,,,322,227,562,,,,,,,,,,,,,
Region XIII - CARAGA,Division of Cabadbaran City,,,1,,,,,,1,,2,1,14,19,,,,22,,4,2,,,,,,3,,1,,,,,,,,,,,2,,,,,,,,,,,,,,,,,,,,,,,,1,,,,,,,,,,,,,,,,3,11,,,,,,,,,,,,,,,,,,,1,,,,,,,6,4,2,,,,,,,,,,,,1,,,,,,,,,,,,,,,1,,,,,49,8,,,,,,,1,,,,3,,,,,,,,1,,4,2,,,,,,,,1,,,,,,,,,,8,7,6,,1,,,,,2,,,,,,,,,2,,,8,1,,,,,,,,3,,,,,,,,,,,,271,133,276,,,,,,,,,,,,,
Region XIII - CARAGA,Division of Tandag City,,,1,,,2,,,1,,5,1,9,16,,,1,21,,4,2,,,,,,,,1,,,,,,,,,,,2,,,,,,,,,,,,,,,,,,,,,,,,1,,,,,,,,,,,,,,,,3,11,,,,,,,,,,,,,,,,,,,,,,,,,,9,2,6,1,,,,,,,,,,,1,,,,,,,,,,,,,,,1,,,,,45,17,,,,,,,1,,,,6,,,,,,,,1,,4,2,,,,,,,,,,,,,,,1,,,11,6,2,2,1,,,,,4,,,,,,,,,2,,,13,,,,,,,,,9,,,,,,,,,,,,165,120,298,,,,,,,,,,,,,
Region XIII - CARAGA,Division of Agusan del Norte,,,1,,,10,1,,5,,8,,84,58,,,2,147,,4,2,,,,,,,,1,,,1,,,,,,,,2,,,,,,,,,,,,,,,,,,,,,,2,,2,,,,,,,,,,,,,,,,4,11,,,1,,,,,,,,,1,,,,,,,2,1,,,,,,20,21,28,,,,,1,,,,,,,1,,,,,,,,,,,,,,1,1,,,,1,140,38,,,,,,,1,,,,18,,,,,,,,1,,11,2,,,,,,10,,4,,,,,,,,,1,30,43,19,12,1,,,,,10,,,,,,,,,4,,,23,5,5,,,,,,,9,,,,,,,,,,,,1058,585,1410,,,,,,,,,,,,,
Region XIII - CARAGA,Division of Agusan del Sur,,,1,,,20,,2,4,,8,1,178,104,,,3,282,,5,2,,,,,,3,,1,,,1,,,,,,,,2,,,,,,,,,,,,,,,,,,,,,,1,,,,,,,,,,,,,,,,,,5,11,,,1,,,,,,,,,,,,,,,6,1,,,,,,,111,62,30,6,,,,,,,,,,,1,,,,,,,,,,,,,,1,1,,,,,362,114,2,,,,,,,,,,45,,,,,,,,1,,15,2,,,,,,10,,3,,,,,,,1,,,106,46,27,7,,,,,,18,,,,,,,,,4,,,19,,,,,,,,,70,,,,,,,,,,,,3060,1200,2678,,,,,,,,,,,,,
Region XIII - CARAGA,Division of Bislig City,,,1,,,7,,2,3,,7,1,24,26,,,1,38,,4,2,,,,,,,,1,,,1,,,,,,,,2,,,,,,,,,,,,,,,,,,,,,,,,1,,,,,,,,,,,,,,,,5,11,,,1,,,,,,,,,,,,,,,1,,,,,,,,22,5,11,,,,,,,,,,,,1,,,,,,,,,,,,,,,1,,,,,67,18,,,,,,,1,,,,9,,,,,,,,1,,8,2,,,,,,10,,1,,,,,,,,,,13,14,2,2,1,,,,,1,,,,,,,,,4,,,11,2,,,,,,,,8,,,,,,,,,,,,251,199,451,,,,,,,,,,,,,
Region XIII - CARAGA,Division of Butuan City,,,1,,,11,,2,5,,7,1,67,45,,,2,95,,5,2,,,,,,3,,1,,,1,,,,,,,,1,,,,,,,,,,,,,,,,,,,,,,,,2,,,,,,,,,,,,,,,,5,11,,,1,,,,,,,,,,,,,,1,1,3,2,,,,,,24,11,40,9,5,2,,,,,,,,,1,,,,,,,,,,,,,,,1,,,,,174,71,,,,,,,1,,,,9,,,,,,,,1,,8,2,,,,,,10,,3,,,,,,,,,1,35,23,17,16,1,,,,,4,,,,,,,,,4,,,9,10,2,1,,,,,,58,,,,,,,,,,,,918,540,1898,,,,,,,,,,,,2,
Region XIII - CARAGA,Division of Dinagat Island,,,1,,,5,1,3,1,,6,1,57,39,,,2,68,,4,2,,,,,,,,1,,,,,,,,,,,2,,,,,,,,,,,,,,,,,,,,,,,,1,,,,,,,,,,,,,,,,5,10,,,1,,,,,,,,,1,1,,,,,,,,,,,,,46,7,15,3,,,,,,,,,,,1,,,,,,,,,,,,,,,1,,,,,63,13,1,,,,,,1,,,,9,,,,,,,,1,,8,1,,,,,,10,,1,,,,,,,,,1,20,8,1,1,,,,,,3,,,,,,,,,4,,,11,3,,,,,,,,9,,,,,,,,,,,,716,293,378,,,,,,,,,,,,2,
Region XIII - CARAGA,Division of Siargao,,,1,,,5,,,3,,8,1,53,43,,,1,75,,3,2,,,,,,,,1,,,1,,,,,,,,2,,,,,,,,,,,,,,,,,,,,,,,,,,,,,,,,,,,,,,,,5,11,,,1,,,,,,,,,,,,,,,,,,,,,,,33,21,24,10,2,,,,,,,,,,1,,,,,,,,,,,,,,,1,,,,,100,38,,,,,,,,,,,9,,,,,,,,1,,11,2,,,,,,10,,2,,,,,,,,1,,27,11,7,9,,,,,,3,,,,,,,,,4,,,12,1,,,,,,,,,,,,,,,,,,,,566,318,526,,,,,,,,,,,,,
Region XIII - CARAGA,Division of Surigao City,,,1,,,8,,,1,,8,1,46,36,,,1,49,,4,2,,,,,,3,,1,,,1,,,,,,,,2,,,,,,,,,,,,,,,,,,,,,,1,,2,,,,,,,,,,,,,,,,5,11,,,1,,,,,,,,,,,,,1,,,,,,,,,,16,7,10,,1,2,,,,,,,,,1,,,,,,,,,,,,,,1,1,,,,,80,34,,,,,,,,,,,6,,,,,,,,1,,8,2,,,,,,10,,1,,,,,,,,,,16,16,5,7,1,,,,,3,,,,,,,,,4,,,8,,,,,,,,,19,,,,,,,,,,,,455,253,527,,,,,,,,,,,,,
Region XIII - CARAGA,Division of Surigao del Norte,,,1,,,17,,5,5,,10,1,78,50,,,3,101,,5,2,,,,,,,,1,,,1,,,,,,,,2,,,,,,,,,,,,,,,,,,,5,4,,1,,2,,,,,,,,,,,,,,,,4,11,,,1,,,,,,,,,,,,,,,2,1,1,,,,,,33,16,51,15,4,,,,,,,,,,1,,,,,,,,,,,,,,3,1,,,,,165,40,,,1,,,,,,,,17,,,,,,,,1,,7,2,,,,,,10,,3,,,1,,,,2,,1,24,21,17,8,,,,,,17,,,,,,,,,4,,,12,1,,,,,,,,26,,,,,,,,,,,,874,568,1157,,,,,,,,,,,,4,
Region XIII - CARAGA,Division of Surigao del Sur,1,,1,,,31,2,12,8,,9,1,174,93,,,4,289,,6,2,,,,,,1,,1,,,1,,,,,,,,2,,,,,,,,,,,,,,,,,,,,,,,,1,,,,,,,,,,,,,,,,4,11,,,1,,,,,,,,,1,,,,,,2,,1,,,,,,100,40,70,,,,,,,,,,,,1,,,,,,,,,,,,,,1,1,,,,,299,73,,,,,,,,,,,50,,,,,,,,1,,21,2,,,,,,10,,6,,,,,,,2,,,99,39,20,4,1,,,,,15,,,,,,,,,4,,,14,1,,,,,,,,26,,,,,,,,,,,,2107,1249,2039,,,,,,,,,,,,10,
Region XII - SOCCSKSARGEN,Division of Cotabato,,,1,,,38,,18,9,,11,1,216,163,,,8,485,,8,2,,,,,,5,,1,,,1,,,,,,,,2,,,,,,,,,,,,,,,,,,,,,,2,,5,,,,,,,,,,,,,,,,8,11,,,1,,,,,,,,,,,,,2,,1,3,5,,,,,,118,13,110,1,,,,,,,,,,,1,,,,,,,,,,,,1,,1,1,,,,,564,198,1,,,,,,,,,,54,,,,,,,,1,,18,2,,,,,,31,,18,,,,,,,3,,2,303,42,5,3,1,,,,,25,1,,,,,,,,4,,,31,,,,,,,,,31,,,,,,,,,,,,6061,1891,2528,,,,,,,,,,,,1,
Region XII - SOCCSKSARGEN,Division of General Santos City,,,1,,,6,,2,1,,8,1,72,52,,,5,74,,4,2,,,,,,18,,1,,,1,,,,,,,,2,,,,,,,,,,,,,,,,,,,,,,,,1,,,,,,,,,,,,,,,,4,11,,,1,,,,,,,,,,,,,,,3,3,,,,,,,8,7,17,,1,,,,,,,,,,1,,,,,,,,,,,,,,,1,,,,,283,106,,,,,,,1,,,,10,,,,,,,,1,,9,2,,,,,,10,,10,,,,,,,,,,58,20,10,3,1,,,,,7,,,,,,,,,4,,,33,5,,,,,,,,47,,,,,,,,,,,,2976,946,842,,,,,,,,,,,,,
Region XII - SOCCSKSARGEN,Division of Kidapawan City,,,1,,,3,,2,1,,8,1,31,28,,,1,46,,5,2,,,,,,3,,1,,,1,,,,,,,,2,,,,,,,,,,,,,,,,,,,,,,,,2,,,,,,,,,,,,,,,,5,11,,,1,,,,,,,,,,,,,,,,1,1,,,,,,16,4,14,4,,,,,,,,,,,1,,,,,,,,,,,,,,,1,,,,,91,43,,,,,,,1,,,,8,,,,,,,,1,,4,2,,,,,,9,,1,,,,,,,,,1,33,9,,1,,,,,,3,,,,,,,,,4,,,13,,,,,,,,,3,,,,,,,,,,,,704,306,459,,,,,,,,,,,,,
Region XII - SOCCSKSARGEN,Division of Koronadal City,,,1,,,6,1,5,2,,7,1,26,28,,,2,34,,5,2,,,,,,2,,1,,,1,,,,,,,,2,,,,,,,,,,,,,,,,,,,,,,,,2,,,,,,,,,,,,,,,,5,11,,,1,,,,,,,,,,,,,1,1,1,2,1,,,,,,7,4,12,1,1,1,,,,,,,,,1,,,,,,,,,,,,,,1,1,,,,,92,37,,,,,,,1,,,,8,,,,,,,,1,,6,2,,,,,,10,,1,,,,,,,,,1,33,5,,1,1,,,,,3,1,,,,,,,,4,,,7,3,4,,,,,,,18,3,,,,,,,,,,,530,279,614,,,,,,,,,,,,1,
Region XII - SOCCSKSARGEN,Division of Sarangani,1,,1,,,8,,7,2,,10,1,128,75,,,3,220,,5,2,,,,,,3,,1,,,1,,,,,,,,2,,,,,,,,,,,,,,,,,,,,,,,,2,,,,,,,,,,,,,,,,5,11,,,1,,,,,,,,,,,,,,,3,1,,,,,1,,64,14,18,,,1,,,,,,,,,1,,,,,,,,,,,,,,,1,,,,,314,88,1,,,,,,1,,,3,20,,,,,,,,1,,10,2,,,,,,9,,9,,,,,,,1,,1,128,20,1,1,1,,,,,2,,,,,,,,,4,,,25,4,6,,,,,,,11,,,,,,,,,,,,3383,1368,1198,,,,,,,,,1,,,5,
Region XII - SOCCSKSARGEN,Division of South Cotabato,1,,1,,,13,1,3,2,,12,,139,90,,,4,261,,6,2,,,,,,4,,1,,,1,,,,,,,,2,,,,,,,,,,,,,,,,,,,,,,,,2,,,,,,,,,,,,,,,,5,11,,,1,,,,,,,,,1,,,2,,,9,1,1,,,,,,57,23,21,3,,,,,,,,,,,1,,,,,,,,,,,,,,1,1,,,,,372,99,1,,,,,,1,,,1,33,,,,,,,,1,,5,1,,,,,,10,,9,,,,,,,2,,,136,37,7,4,1,,,,,9,2,,,,,,,,4,,,29,,4,,,,,,,29,,,,,,,,,,,,3787,1408,1956,,,,,,,,,,,,,
Region XII - SOCCSKSARGEN,Division of Sultan Kudarat,,,1,,,12,,2,2,,7,1,122,90,,,,265,,4,2,,,,,,1,,1,,,1,,,,,,,,2,,,,,,,,,,,,,,,,,,,,,,,,1,,,,,,,,,,,,,,,,5,11,,,1,,,,,,,,,,,,1,,1,1,,,,,,,,33,18,33,1,,,,,,,,,,,1,,,,,,,,,,,,,,,1,,,,,303,102,,,,,,,1,,,,31,,,,,,,,1,,16,2,,,,,,10,,8,,,,,,,,,,143,18,10,2,1,,,,,4,,,,,,,,,4,,,13,,1,,,,,,,21,,,,,,,,,,,,2886,1294,1983,,,,,,,,,,,,1,
Region XII - SOCCSKSARGEN,Division of Tacurong City,,1,1,,,2,,2,1,,5,1,18,22,,,,20,,4,2,,,,,,3,,,,,,,,,,,,,2,,,,,,,,,,,,,,,,,,,,,,,,1,,,,,,,,,,,,,,,,3,11,,,,,,,,,,,,,,,,,,,1,,,,,,,5,5,1,1,,,,,,,,,,,1,,,,,,,,,,,,,,,1,,,,,66,43,1,,,,,,,,,,3,,,,,,,,1,,4,1,,,,,,,,1,,,,,,,,,,20,8,3,,1,,,,,,,,,,,,,,2,,,7,,,,,,,,,1,,,,,,,,,,,,201,183,383,,,,,,,,,,,,,
Region XI - Davao,Division of Davao City,,,1,,,43,,14,2,,12,1,166,96,,,4,198,,6,2,,,,,,20,,2,,,1,,,,,,,,2,,,,,,,,,,,,,,,,,,,,,,2,,6,,,,,,,,,,,,,,,,8,10,,,1,,,,,,,,,,,,,3,4,2,17,3,,,,,,105,60,122,15,7,38,,,,,,,,,1,,,,,,,,,,,,1,,1,2,,,,,759,420,126,,,,,,1,,,,40,,,,,,,,1,,18,2,,,,,,33,,13,,,,,,,,,3,106,73,54,30,1,,,,,9,,,,,,,,,4,,,82,155,34,,,,,,,46,,,,,,,,,,,,4540,3670,3037,,,,,,,,,,,,,
Region XI - Davao,Division of Davao de Oro,,,1,,,7,,6,2,,8,1,134,85,,,2,207,,5,2,,,,,,17,,,,,1,,,,,,,,2,,,,,,,,,,,,,,,,,,,,,,,,1,,,,,,,,,,,,,,,,5,11,,,1,,,,,,,,,,,,1,1,1,2,,1,,,,,,72,55,55,,,1,,,,,,,,,1,,,,,,,,,,,,,,,1,,,,,395,67,5,,,,,,1,,,,27,,,,,,,,1,,8,2,,,,,,9,,10,,,,,,,,,1,88,40,18,15,1,,,,,2,,,,,,,,,4,,,13,11,4,,,,,,,35,,,,,,,,,,,,3641,1572,1935,,,,,,,,,,,,2,
Region XI - Davao,Division of Davao del Norte,,,1,,,10,,,1,,4,,66,42,,,,130,,4,2,,,,,,4,,1,,,1,,,,,,,,2,,,,,,,,,,,,,,,,,,,,,,1,,2,,,,,,,,,,,,,,,,5,10,,,1,,,,,,,,,,,,,1,,2,,2,,,,,,40,52,62,9,3,,,,,,,,,,1,,,,,,,,,,,,,,,1,,,,,288,169,50,,,,,,1,,,,16,,,,,,,,1,,4,2,,,,,,10,,5,,,,,,,,,,44,29,21,26,1,,,,,,,,,,,,,,4,,,29,20,22,,,,,,,14,,,,,,,,,,,,2357,1095,817,,,,,,,,,,,,,
Region XI - Davao,Division of Davao del Sur,,,1,,,15,1,5,2,,8,,59,44,,,3,84,,7,2,,,,,,1,,1,,,1,,,,,,,,1,,,,,,,,,,,,,,,,,,,,,,2,,2,,,,,,,,,,,,,,,,4,10,,,1,,,,,,,,,1,,,1,,,,,1,,,,,,37,18,21,7,6,,,,,,,,,,1,,,,,,,,,,,,,,,1,,,1,,265,122,24,,,,,,,,,,27,,,,,,,,1,,4,1,,,,,,10,,6,,,,,,,1,2,,85,30,19,11,1,,,,,11,1,,,,,,,,4,,,17,1,5,,,,,,,34,,,,,,,,,,,,1535,1203,1007,,,,,,,,,,,,2,
Region XI - Davao,Division of Davao Occidental,,,1,,,1,,,1,,7,1,45,39,,,,112,,3,2,,,,,,2,,1,,,1,,,,,,,,2,,,,,,,,,,,,,,,,,,,,,,,,2,,,,,,,,,,,,,,,,4,11,,,1,,,,,,,,,,,,,,,,,,,,,,,92,19,15,7,,,,,,,,,,,1,,,1,,,,,,,,,,,1,1,,,,,256,70,5,,,,,,1,,,,14,,,,,,,,1,,1,2,,,,,,10,,2,,,,,,,,,,34,19,6,3,1,,,,,,,,,,,,,,4,,,12,,1,,,,,,,6,,,,,,,,,,,,2214,526,459,,,,,,,,,,,,,
Region XI - Davao,Division of Davao Oriental,1,,1,,,10,,4,4,,15,1,91,60,,,3,118,,5,2,,,,,,2,,1,,,1,,,,,,,,2,,,,,,,,,,,,,,,,,,,,,,,,1,,,,,,,,,,,,,,,,5,11,,,1,,,,,,,,,1,,,,,,1,1,,,,,,,129,61,65,17,3,3,,,,,,,,,1,,,,,,,,,,,,,,,1,,,,,304,118,15,,,,,,1,,,,21,,,,,,,,1,,3,2,,,,,,10,,4,,,,,,,4,,,58,52,24,16,1,,,,,9,,,,,,,,,4,,,51,21,6,,,,,,,8,,,,,,,,,,,,2227,1197,938,,,,,,,,,,,,7,
Region XI - Davao,Division of Digos City,1,,1,,,5,,3,2,,8,1,11,17,,,2,36,,5,2,,,,,,,,1,,,1,,,,,,,,2,,,,,,,,,,,,,,,,,,,,,,,,2,,,,,,,,,,,,,,,,4,11,,,1,,,,,,,,,,,,,1,1,,1,2,,,,,,4,2,3,2,2,3,,,,,,,,,1,,,,,,,,,,,,,,,1,,,,,88,63,13,,,,,,1,,,,8,,,,,,,,1,,6,2,,,,,,9,,1,,,,,,,,1,,17,10,4,1,1,,,,,3,1,,,,,,,,4,,,5,2,6,,,,,,,16,,,,,,,,,,,,473,362,457,,,,,,,,,,,,,
Region XI - Davao,Division of Island Garden City of Samal,,,1,,,1,,,1,,5,1,28,22,,,,18,,4,2,,,,,,,,1,,,,,,,,,,,2,,,,,,,,,,,,,,,,,,,,,,,,1,,,,,,,,,,,,,,,,3,11,,,,,,,,,,,,,,,,1,1,,3,,,,,,,10,20,18,2,1,,,,,,,,,,1,,,,,,,,,,,,,,,1,,,,,61,25,4,,,,,,1,,,,8,,,,,,,,1,,3,2,,,,,,,,1,,,,,,,,,,29,7,2,3,1,,,,,,,,,,,,,,2,,,4,3,4,,,,,,,4,,,,,,,,,,,,479,366,213,,,,,,,,,,,,,
Region XI - Davao,Division of Mati City,2,,1,,,15,,5,4,,7,1,34,34,,,4,26,,5,2,,,,,,1,,,,,1,,,,,,,,2,,,,,,,,1,,,,,,,,,,,,,,,,1,,,,,,,,,,,,,,,,5,10,,,1,,,,,,,,,,,,,1,,3,1,1,,,,,,7,13,9,,,,,,,,,,,,1,,,,,,,,,,,,,,,1,,,,,88,47,8,,,,,,,,,,9,,,,,,,,1,,6,2,,,,,,10,,3,,,,,,,1,,1,32,22,8,5,1,,,,,4,1,,,,,,,,4,,,5,8,5,,,,,,,5,,,,,,,,,,,,628,391,383,,,,,,,,,,,,2,
Region XI - Davao,Division of Panabo City,,,1,,,1,,,1,,7,,23,24,,,,28,,4,2,,,,,,3,,1,,,1,,,,,,,,2,,,,,,,,,,,,,,,,,,,,,,,,2,,,,,,,,,,,,,,,,5,11,,,1,,,,,,,,,,,,,,1,,1,2,,,,,,9,5,7,3,,,,,,,,,,,1,,,,,,,,,,,,,,,1,,,,,88,45,12,,,,,,1,,,,8,,,,,,,,1,,7,2,,,,,,10,,3,,,,,,,,,,17,13,8,4,1,,,,,,,,,,,,,,4,,,9,5,1,,,,,,,11,,,,,,,,,,,,588,546,428,,,,,,,,,,,,,
Region XI - Davao,Division of Tagum City,,,1,,,4,,2,3,,5,1,36,25,,,2,26,,5,2,,,,,,6,,,,,1,,,,,,,,2,,,,,,,,,,,,,,,,,,,,,,,,2,,,,,,,,,,,,,,,,5,11,,,1,,,,,,,,,,,,,,,,5,5,,,,,,3,6,15,4,2,7,,,,,,,,,1,,,,,,,,,,,,,,,1,1,,,,92,85,38,,,,,,1,,,,11,,,,,,,,1,,5,2,,,,,,10,,4,,,,,,,,,1,3,8,9,11,1,,,,,1,,,,,,,,,4,,,3,10,11,,,,,,,19,,,,,,,,,,,,705,530,702,,,,,,,,,,,,2,
Region X - Northern Mindanao,Division of Bukidnon,,,1,,,28,,17,5,,9,1,131,106,,,1,390,,4,2,,,,,,8,,2,,,1,,,,,,,,2,,,,,,,,,,,,,,,,,,,14,2,,3,,7,,,,,,,,,,2,,,,,,7,10,,,1,,,,,,,,,1,,,,,,6,,,,,,,,157,46,29,,,,,,,,,,,,1,,,,,,,,,,,,1,,1,1,,,,,483,94,,,,,,,1,,,,44,,,,,,,,1,,9,2,,,,,,33,,11,,,1,,,,1,,,184,61,7,,1,,,,,4,,,,,,,,,3,,,42,,,,,,,,,45,,,,,,,,,,,,6872,1316,1906,,,,,,,,,,,,3,
Region X - Northern Mindanao,Division of Cagayan de Oro City,,,1,,,16,,8,9,,8,1,66,51,,,,55,1,4,2,,,,,,1,,1,,,1,,,,,,,,2,,,,,,,,,,,,,,,,,,,,,,1,,2,,,,,,,,,,2,,,,,,5,10,,,1,,,,,,,,,,,,,,,4,1,,,,,,,6,4,22,,1,,,,,,,,,,1,,,,,,,,,,,,,,1,1,,,,,187,66,,,,,,,1,,,,21,,,,,,,,1,,9,2,,,,,,10,,7,,,,,,,,,,58,14,11,3,1,,,,,6,,,,,,,,,4,,,49,3,,,,,,,,70,,1,,,,,,,,,,2953,482,1140,,,,,,,,,,,,12,
Region X - Northern Mindanao,Division of Camiguin,,1,1,,,7,2,8,5,,6,1,21,27,,,1,21,,4,2,,,,,,,,1,,,,,,,,,,,2,,,,,,,,,,,,,,,,,,,,,,,,,,,,,,,,,,2,,,,,,3,11,,,,,,,,,,,,,,,,,,1,,,,,,,,5,1,14,,,,,,,,,,,,1,,,,,,,,,,,,,,,1,,,,,67,12,,,,,,,1,,,,11,,,,,,,,1,,2,2,,,,,,,,2,,,,,,,,,1,42,4,,,,,,,,5,,,,,,,,,2,,,16,,,,,,,,,2,,,,,,,,,,,,402,238,369,,,,,,,,,,,,3,
Region X - Northern Mindanao,Division of El Salvador City,,,1,,,,,,1,,5,1,8,18,,,,11,,4,2,,,,,,,,1,,,,,,,,,,,2,,,,,,,,,,,,,,,,,,,,,,,,1,,,,,,,,,,,,,,,,3,11,,,,,,,,,,,,,,,,,,,2,,,,,,,4,2,3,2,,,,,,,,,,,1,,,,,,,,,,,,,,1,1,,,,,36,11,,,,,,,1,,,,3,,,,,,,,1,,3,2,,,,,,,,1,,,,,,,,,,5,2,1,,1,,,,,,,,,,,,,,2,,,3,,,,,,,,,4,,,,,,,,,,,,260,91,83,,,,,,,,,,,,,
Region X - Northern Mindanao,Division of Gingoog City,,,1,,,11,2,8,5,,8,1,37,36,,,,74,,4,2,,,,,,2,,1,,,1,,,,,,,,2,,,,,,,,,,,,,,,,,,,,,,1,,2,,,,,,,,,,2,,,,,,5,11,,,1,,,,,,,,,,,,,,,1,,,,,,,,30,13,13,14,,,,,,,,,,,1,,,,,,,,,,,,,,,1,,,,,91,35,,,,,,,1,,,,6,,,,,,,,1,,4,2,,,,,,10,,1,,,,,,,,,,23,13,2,3,1,,,,,10,,,,,,,,,4,,,8,,4,,,,,,,4,,,,,,,,,,,,753,225,413,,,,,,,,,,,,,
Region X - Northern Mindanao,Division of Iligan City,,,1,,,41,3,23,10,,9,1,61,39,,,5,48,2,7,2,,,,,,4,,1,,,1,,,,,,,,2,,,,,,,1,2,2,,,,,,,,,,,,,,,2,,,,,,,,,,,,,,,,5,14,,,1,,,,,,,,,3,,,,,7,3,3,4,,,,,,15,,27,,4,,,,,,,,,,1,,,,,,,,,,,,,,,1,1,,,,174,64,,,,,1,,1,,,,10,,,,,,,,1,,8,1,,,,,,9,,2,,,,,,,,,2,45,12,10,3,1,,,,,14,1,1,,,,,,,3,,,23,1,,,,,,,,55,,,,,,,,,,,,1368,383,952,,,3,,,,,,,,,9,
Region X - Northern Mindanao,Division of Lanao del Norte,,,1,,,49,1,19,11,,10,1,85,67,,,3,133,,5,2,,,,,,2,,,,,1,,,,,,,,2,,,,,,,,,,,,,,,,1,,,,,,,,1,,,,,,,,,,2,,,,,,5,11,,,1,,,,,,,,,,,,,1,3,,,,,,,,,26,5,42,3,,,,,,,,,,,1,,,,,,,,,,,,,,,1,,,,,330,86,,,,,,,,,,3,22,,,,,,,,1,,13,2,,,,,,11,,3,,,,,,,2,,1,170,18,13,1,1,,,,,5,,,,,,,,,4,,,18,,2,,,,,,,19,,1,,,,,,,,,,2743,845,1505,,,1,,,,,,,,,4,
Region X - Northern Mindanao,Division of Malaybalay City,,,1,,,7,1,1,2,,9,1,41,36,,,1,55,,5,2,,,,,,3,,,,,1,,,,,,,,2,,,,,,,,,,,,,,,,,,,,,,,,2,,,,,,,,,,,,,,,,4,11,,,1,,,,,,,,,,,,,,1,,1,,,,,,,45,2,7,,,,,,,,,,,,1,,,,,,,,,,,,,,,1,,,,,88,25,,,,,,,1,,,,8,,,,,,,,1,,5,2,,,,,,10,,2,,,,,,,,,1,21,11,2,1,1,,,,,1,,,,,,,,,4,,,15,,6,,,,,,,18,,,,,,,,,,,,1031,437,462,,,,,,,,,,,,3,
Region X - Northern Mindanao,Division of Misamis Occidental,,,1,,,33,,4,10,,8,,45,54,,,3,132,,3,2,,,1,,,3,,1,,,1,,,,,,,,2,,,,,,,,,,,,,,,,,,,,,,1,,3,,,,,,,,,,,,,,,,5,11,,,1,,,,,,,,,4,1,,,2,1,1,2,,,,,,,83,25,73,3,1,,,,,,,,,,1,,,,,,,,,,,,,,2,1,1,,,,162,57,,,,,,,1,,,,20,,,,,,,,1,,5,2,,,,,,10,,3,,,,,,,,,2,81,18,7,3,1,,,,,17,,,,,,,,,4,,,19,,,,,,,,,15,,,,,,,,,,,,1554,510,1069,,,,,,,,,,,,3,
Region X - Northern Mindanao,Division of Misamis Oriental,,,1,,,52,3,24,20,,12,,102,86,,,7,223,2,5,2,,1,,,,2,,1,,,1,,,,,,,,1,,,,,,,,,,,,,,,,,,,,,,,,1,,,,,,,,,,2,,,,,,4,13,,,1,,,,,,,,,3,,,,,,7,,1,,,,,,82,13,76,1,2,5,,,,,,,,,1,,,,,,,,,,,,,,2,1,,,,,446,115,,,,,,,1,,,,39,,,,,,,,1,,17,1,,,,,,18,,10,,,,,,,5,,,125,33,12,2,1,,,,,26,,,,,,,,,4,,,18,1,,,,,,,,26,,1,,,,,,,,,,4294,1011,1715,,,,,,,,,,,,13,
Region X - Northern Mindanao,Division of Oroquieta City,,,1,,,13,,3,5,,6,1,21,26,,,2,13,,4,2,,,,,,3,,1,,,,,,,,,,,2,,,,,,,,,,,,,,,,,,,,,,,,1,,,,,,,,,,,,,,,,3,11,,,,,,,,,,,,2,,,,,1,,3,2,,,,,,12,2,14,1,4,,,,,,,,,,1,,,,,,,,,,,,,,,1,,,,,56,27,,,,,,,1,,,,4,,,,,,,,1,,2,2,,,,,,1,,1,,,,,,,,,1,20,7,,1,1,,,,,10,,,,,,,,,2,,,9,3,5,,,,,,,10,,,,,,,,,,,,250,175,325,,,,,,,,,,,,,
Region X - Northern Mindanao,Division of Ozamiz City,,,1,,,14,,4,3,,5,,24,18,,,3,38,,6,2,,,,,,3,,1,,,,,,,,,,,1,,,,,,,,,,,,,,,,,,,,,,,,2,,,,,,,,,,,,,,,,4,10,,,1,,,,,,,,,,,,,,1,1,4,1,,,,,,17,3,21,1,5,,,,,,,,,,1,,,,,,,,,,,,,,,1,,,,,48,30,,,,1,,,,,,,7,,,,,,,,1,,5,2,,,,,,9,,2,,,,,,,,,1,31,10,2,,,,,,,5,,,,,,,,,4,,,14,,,,,,,,,,,,,,,,,,,,,495,194,475,,,,,,,,,,,,4,
Region X - Northern Mindanao,Division of Tangub City,,,1,,,2,,,1,,4,1,19,25,,,2,15,,4,2,,,,,,3,,1,,,,,,,,,,,2,,,,,,,,,,,,,,,,,,,,,,,,1,,,,,,,,,,,,,,,,3,11,,,,,,,,,,,,,,,,,,,2,,,,,,,11,7,25,,,,,,,,,,,,1,,,,,,,,,,,,,,,1,,,,,35,17,,,,,,,,,,,3,,,,,,,,1,,1,2,,,,,,,,1,,,,,,,1,,,21,2,,,1,,,,,1,,,,,,,,,2,,,5,,,,,,,,,4,,,,,,,,,,,,330,112,317,,,,,,,,,,,,2,
Region X - Northern Mindanao,Division of Valencia City,,1,1,,,5,,1,2,,8,1,30,33,,,,34,2,4,2,,,,,,3,,1,,,1,,,,,,,,2,,,,,,,,,,,,,,,,,,,,,,,,2,,,,,,,,,,,,,,,,5,11,,,1,,,,,,,,,,,,,,,,,,,,,,,19,24,6,1,,,,,,,,,,,1,,,,,,,,,,,,,,,1,,,,,89,33,,,,,,,1,,,1,6,,,,,,,,1,,6,2,,,,,,10,,1,,,,,,,,,,23,10,4,1,1,,,,,1,,,,,,,,,4,,,19,,,,,,,,,24,,,,,,,,,,,,1064,188,442,,,1,,,,,,,,,,
Region VIII - Eastern Visayas,Division of Baybay City,,,1,,,2,,2,1,,5,1,21,27,,,1,17,,4,2,,,,,,2,,1,,,,,,,,,,,2,,,,,,,,,,,,,,,,,,,,,,,,1,,,,,,,,,,1,,,,,,3,11,,,,,,,,,,,,,,,,,,,1,,,,,,,23,7,18,2,1,,,,,,,,,,1,,,,,,,,,,,,,,,1,,,,,69,45,,,,,,,1,,,,5,,,,,,,,1,,2,2,,,,,,,,1,,,,,,,,,,2,20,7,12,1,,,,,,,,,,,,,,2,,,1,3,2,,,,,,,29,,,,,,,,,,,,224,174,716,,,,,,,,,,,,1,
Region VIII - Eastern Visayas,Division of Biliran,1,,1,,,15,1,6,3,,9,,44,34,,,5,51,,6,2,,,,,,3,,1,,,1,,,,,,,,1,,,,,,,,,1,,,,,,,,,,,,,,,2,,,,,,,,,,6,,,,,,4,11,,,1,,,,,,,,,1,,,,,,2,,,,,,,,25,14,30,3,2,,,,,,,,,,1,,,,,,,,,,,,,,1,1,,,,,129,41,,,,,,,1,,,,20,,,,,,,,1,,5,1,,,,,,9,,4,,,,,,,1,,1,39,17,7,4,,,,,,9,,,,,,,,6,4,,,6,4,3,,,,,,,19,,,,,,,,,,,,593,439,1015,,,,,,,,,,,,6,
Region VIII - Eastern Visayas,Division of Borongan City,1,,1,,,5,,2,1,,5,1,15,19,,,3,21,,5,2,,,,,,3,,1,,,,,,,,,,,2,,,,,,,1,,,,,,,,,,,,,,,,,1,,,,,,,,,,1,,,,,,3,11,,,,,,,,,,,,,,,,,,,,1,,,,,,7,13,6,1,,6,,,,,,,,,1,,,,,,,,,,,,,,,1,,,,,45,41,1,,,,,,1,,,,8,,,,,,,,1,,2,2,,,,,,3,,2,,,,,,,1,,1,12,8,6,2,,,,,,,,,,,,,,1,2,,,3,4,1,,,,,,,5,,,,,,,,,,,,136,225,424,,,,,,,,,,,,4,
Region VIII - Eastern Visayas,Division of Calbayog City,,,1,,,5,,1,1,,9,1,37,38,,,1,80,,4,2,,,,,,3,,1,,,1,,,,,,,,2,,,,,,,,,,,,,,,,,,,,,,,,2,,,,,,,,,,4,,,,,,5,11,,,1,,,,,,,,,,,,,,,2,,,,,,,,13,19,15,1,,,,,,,,,,,1,,,,,,,,,,,,,,,1,,,,,155,70,12,,,,,,1,,,,8,,,,,,,,1,,6,2,,,,,,10,,3,,,,,,,,,,27,22,14,5,,,,,,1,,,,,,,,5,4,,,4,3,4,,,,,,,22,,,,,,,,,,,,521,452,1127,,,,,,,,,,,,3,
Region VIII - Eastern Visayas,Division of Catbalogan City,1,,1,,,6,,6,4,,8,1,21,24,,,2,28,,5,2,,,,,,1,,1,,,1,,,,,,,,2,,,,,,,,,,,,,,,,,,,,,,,,2,,,,,,,,,,1,,,,,,5,11,1,,1,,,,,,,,,,,,,,,,,1,,,,,,8,7,8,1,1,6,,,,,,,,,1,,,,,,,,,,,,,,,2,,,,,88,48,,,,,,,1,,,,7,,,,,,,,1,,3,2,,,,,,9,,2,,,,,,,,,,11,8,2,3,1,,,,,3,,,,,,,,1,4,,,3,,8,,,,,,,17,,,,,,,,,,,,138,267,642,,,,,,,,,,,,2,
Region VIII - Eastern Visayas,Division of Eastern Samar,1,,1,,,35,2,15,6,,13,1,83,70,,,11,184,,6,2,,,,,,14,,1,,,1,,,,,,,,2,,,,,,,,,1,,,,,,,,,,,,,1,,4,,,,,,,,,,6,,,,,,5,10,,,1,,,,,,,,,5,,,,,,1,,,,,,,,88,32,43,7,3,10,,,,,,,,,1,,,,,,,,,,,,,,,1,,,,,307,216,8,,,,,,1,,,,50,,,,,,,,1,,6,2,,,,,,11,,10,,,,,,,1,,7,76,53,25,24,,,,,,13,,,,,,,,6,4,,,4,,1,,,,,,,31,,,,,,,,,,,,1654,1133,1996,,,1,,,,,,,,,19,
Region VIII - Eastern Visayas,Division of Leyte,1,,1,,,58,,12,7,,13,,216,160,,,9,531,,8,2,,,,,,17,,1,,,1,,,,,,,,2,,,,,,,,,4,,,,,,,,,,,,,7,,7,,,,,,,,,,25,,,,,,8,11,,,1,,,,,,,,,,,,1,,,18,1,1,,,,,,297,58,183,22,,5,,,,,,,,,1,,,,,,,,,,,,1,,1,1,,,,,1099,420,13,,,,,,2,,,,61,,,,,,,,1,,29,2,,,,,,33,,26,,,,,,,4,,3,188,187,94,49,1,,,,,20,,,,,,,,26,3,,,39,6,7,,,,,,,145,,,,,,,,,,,,3538,2288,8564,,,,,,,,,,,,2,
Region VIII - Eastern Visayas,Division of Maasin City,,,1,,,2,,,1,,4,1,19,28,,,,36,,4,2,,,,,,,,1,,,,,,,,,,,2,,,,,,,,,1,,,,,,,,,,,,,,,1,,,,,,,,,,,,,,,,3,9,,,,,,,,,,,,,,,,,,,,,,,,,,9,18,12,,,,,,,,,,,,1,,,,,,,,,,,,,,,1,,,,,54,20,6,,,,,,1,,,,12,,,,,,,,1,,3,2,,,,,,,,,,,,,,,,,,24,13,6,,1,,,,,,,,,,,,,,1,,,6,9,3,2,,,,,,13,,,,,,,,,,,,164,147,465,,,,,,,,,,,,,
Region VIII - Eastern Visayas,Division of Northern Samar,4,,1,,,43,2,19,10,,15,1,132,103,,,13,324,,6,2,,,,,,8,,1,,,1,,,,,,,,2,,,,,,,,,,,,,,,,,,1,,,,3,,4,,,,,,,,,,14,,,,,,5,9,,,1,,,,,,,,,3,,,,,,,,1,,,,,,136,62,93,13,6,7,,,,,,,,,1,,,,,,,,,,,,,,,1,,,,,572,249,40,1,,,,,1,,,,41,,,,,,,,1,,12,2,,,,,,9,,10,,,,,,,1,,5,78,42,46,33,1,,,,,20,,,,,,,,12,4,,,10,2,9,,,,,,,15,,,,,,,,,,,,2233,1156,4048,,,,,,,,,,,,17,
Region VIII - Eastern Visayas,Division of Ormoc City,,,1,,,7,,,1,,9,1,33,32,,,1,70,,3,2,,,,,,2,,,,,1,,,,,,,,2,,,,,,,,,,1,,,,,,,,,,,,1,,2,,,,,,,,,,3,,,,,,5,11,,,1,,,,,,,,,,,,,,,2,,,,,,,,19,15,13,1,,,,,,,,,,,1,,,,,,,,,,,,,,,1,,,,,123,64,4,,,,,,,,,,7,,,,,,,,1,,9,2,,,,,,10,,4,,,,,,,,,,14,22,15,5,1,,,,,,,,,,,,,3,4,,,10,8,6,,,,,,,18,,,,,,,,,,,,538,700,701,,,,,,,,,,,,1,
Region VIII - Eastern Visayas,Division of Samar,1,,1,,,33,2,6,11,,9,1,139,120,,,6,237,2,7,2,,,,,,8,,1,,,1,,,,,,,,2,,,,,,,,,,,,,,,,,,,,,,2,,4,,,,,,,,,,5,,,,,,5,10,,,1,,,,,,,,,1,,,,,,2,,,,,,,,173,61,91,5,2,3,,,,,,,,,1,,,,,,,,,,,,,,,1,1,,,,444,187,,,,,,,1,,,,24,,,,,,,,1,,7,2,,,,,,12,,7,,,,,,,1,,2,92,42,36,45,1,,,,,12,,,,,,,,4,4,,,5,,,,,,,,,32,,,,,,,,,,,,1883,1154,3665,,,,,,,,,,,,,
Region VIII - Eastern Visayas,Division of Southern Leyte,,,1,,,20,,13,5,,6,1,55,47,,,3,53,,2,2,,,,,,4,,1,,,1,,,,,,,,1,,,,,,,,1,,,,,,,,,,,,,,,,2,,,,,,,,,,4,,,,,,5,11,,,1,,,,,,,,,,,,,,,2,,,,,,,,40,24,65,3,,,,,,,,,,,1,,,,,,,,,,,,,,,1,,,,,194,76,15,,,,,,1,,,,40,,,,,,,,1,,3,2,,,,,,10,,4,,,,,,,1,,1,74,37,12,6,1,,,,,5,,,,,,,,6,4,,,17,6,4,,,,,,,35,,,,,,,,,,,,873,670,1971,,,,,,,,,,,,1,
Region VIII - Eastern Visayas,Division of Tacloban City,,,1,,,6,4,6,2,,9,1,31,24,,,2,43,,9,2,,,,,,1,,1,,,1,,,,,,,,2,,,,,,,,1,1,,,,,,,2,,,,,,2,,2,,,,,,,,,,4,,,,,,5,11,,,1,,,,,,,,,,,,,,1,1,,2,,,,,,9,3,8,1,,34,,,,,,,,,1,,,,,,,,,,,,,,1,1,,,,,178,63,8,,,,,,1,,,,8,,,,,,,,1,,8,2,,,,,,10,,2,,,,,,,,2,,12,17,12,12,,,,,,3,1,,,,,,,5,4,,,10,,9,,,,,,,42,,,,,,,,,,,,389,392,1123,,,,,,,,,,,,2,
Region VII - Central Visayas,Division of Bais City,,,1,,,3,,1,1,,3,1,21,21,,,,21,,4,2,,,,,,2,,,,,,,,,,,,,2,,,,,,,,,,,,,,,,,,,,,,,,,,,,,,,,,,,,,,,,3,10,,,,,,,,,,,,,,,,,,1,,,,,,,,16,7,9,,,,,,,,,,,,1,,,,,,,,,,,,,,,1,,,,,44,23,2,,,,,,1,,,,3,,,,,,,1,1,,1,2,,,,,,,,1,,,,,,,,,,21,2,2,1,1,,,,,,,,,,,,,,2,,,3,,,,,,,,,8,,,,,,,,,,,,288,161,414,,,,,,,,,,,,,
Region VII - Central Visayas,Division of Bayawan City,,,1,,,,,,1,,8,1,37,25,,,,31,,4,2,,,,,,,,,,,,,,,,,,,2,,,,,,,,,,,,,,,,,,,,,,,,,,,,,,,,,,,,,,,,5,11,,,1,,,,,,,,,,,,,,,1,,,,,,,,6,5,1,,,,,,,,,,,,1,,,,,,,,,,,,,,,1,,,,,22,8,,,,,,,1,,,,7,,,,,,,,1,,6,2,,,,,,9,,1,,,,,,,,,,37,2,,,1,,,,,,,,,,,,,,4,,,16,,,,,,,,,13,,,,,,,,,,,,490,227,867,,,,,,,,,,,,,
Region VII - Central Visayas,Division of Bogo City,,,1,,,1,,,1,,4,1,15,22,,,,17,,3,2,,,,,,,,,,,,,,,,,,,2,,,,,,,,,,,,,,,,,,,,,,,,1,,,,,,,,,,,,,,,,3,11,,,,,,,,,,,,,,,,,,,1,,,,,,,9,1,7,,,,,,,,,,,,1,,,,,,,,,,,,,,,1,,,,,51,15,,,,,,,1,,,,3,,,,,,,,1,,3,2,,,,,,,,2,,,,,,,,,,9,7,4,5,1,,,,,,,,,,,,,,1,,,,,5,,,,,,,6,,,,,,,,,,,,169,99,375,,,,,,,,,,,,,
Region VII - Central Visayas,Division of Bohol,,,1,,,73,,2,3,,9,2,245,150,,,,291,,3,2,,,,,,1,,1,,,1,,,,,,,,2,,,,,,,,,,,,,,,,,,,,,,9,,7,,,,,,,,,,,,,,,,8,10,,,1,,,,,,,,,,,,,,,6,6,2,,,,,,95,11,115,1,,1,,,,,,,,,1,,,,,,,,,,,,1,,1,1,,,,,749,201,,,,,,,1,,,,38,,,,,,,,,,12,2,,,,,,33,,12,,,,,,,,,,316,64,23,18,,,,,,22,,,,,,,,,4,,,46,,,,,,,,,251,,,,,,,,,,,,3721,1294,7813,,,,,,,,,,,,,
Region VII - Central Visayas,Division of Canlaon City,,,1,,,1,,1,1,,5,1,10,13,,,,6,,4,2,,,,,,,,1,,,,,,,,,,,1,,,,,,,,,,,,,,,,,,,,,,,,,,,,,,,,,,,,,,,,3,11,,,,,,,,,,,,,,,,,,,,,1,,,,,8,3,1,,,,,,,,,,,,1,,,,,,,,,,,,,,,1,,,,,29,3,,,,,,,,,,,2,,,,,,,,1,,,2,,,,,,,,1,,,,,,,,,,8,1,,,,,,,,,,,,,,,,,2,,,4,1,1,,,,,,,,,,,,,,,,,,,200,87,205,,,,,,,,,,,,,
Region VII - Central Visayas,Division of Carcar City,,,1,,,2,,,1,,8,1,26,21,,,,29,,3,2,,,,,,6,,1,,,1,,,,,,,,2,,,,,,,,,,,,,,,,,,,,,,,,2,,,,,,,,,,,,,,,,3,11,,,1,,,,,,,,,,,,,,,,1,,,,,,,10,1,5,,,,,,,,,,,,1,,,,,,,,,,,,,,,1,,,,,76,21,,,,,,,1,,,,6,,,,,,,,1,,6,2,,,,,,9,,2,,,,,,,,,,24,5,,,1,,,,,,,,,,,,,,4,,,4,,2,,,,,,,5,,,,,,,,,,,,307,214,615,,,1,,,,,,,,,,
Region VII - Central Visayas,Division of Cebu City,,,1,,,34,1,8,5,,8,,106,61,,,1,64,1,5,2,,,,,,10,,,,,1,,,,,,,,1,,,,,2,1,,,,,,,,,,,,,,,,4,,4,,,,,,,,,,,,,,,,5,11,,,1,,,,,,,,,,,,,,1,2,9,1,,,,,,17,1,26,3,4,1,,,,,,,,,1,,,,,,,,,,,,,,,2,,,,,463,178,,,,,,,2,,,,19,,,,,,,,1,,12,2,,,,,,10,,10,,,,,,,,,1,59,20,12,8,1,,,,,8,,,,,,,,,2,,,26,9,14,,3,,,,,70,,,,,,,,,,1,,1686,648,3452,,,,,,,,,,,,3,
Region VII - Central Visayas,Division of Cebu Province,,,1,,,79,1,5,5,,13,1,430,180,,,2,672,2,5,2,,,,,,27,,2,,,1,,,,,,,,2,,,,,,,,,2,,,,,,,1,,,,,,11,,15,,,,,,,,,,,,,,,,12,11,,,1,,,,,,,,,,,,,,16,2,3,,,,,,,121,23,118,2,2,,,,,,,,,,1,,,,,,,,,,,,1,,,1,,,,,769,266,,,,,,,1,,,,61,,,,,,,,1,,40,2,,,,,,57,,23,,,,,,,1,,,485,115,15,5,1,,,,,5,,,,,,,,,4,,,59,6,3,,,,,,,136,,,,,,,,,,,,9062,4297,8161,,,,,,,,,,,,5,
Region VII - Central Visayas,Division of Danao City,,,1,,,,,,1,,7,1,25,28,,,,33,,4,2,,,,,,2,,1,,,1,,,,,,,,2,,,,,,,,,,,,,,,,,,,,,,,,1,,,,,,,,,,,,,,,,5,10,,,1,,,,,,,,,,,,,,,,,,,,,,,3,2,20,,,,,,,,,,,,1,,,,,,,,,,,,,,,1,,,,,51,18,,,,,,,1,,,,6,,,,,,,,1,,5,2,,,,,,10,,1,,,,,,,,,,19,11,2,,1,,,,,,,,,,,,,,4,,,1,,5,,,,,,,1,,,,,,,,,,,,546,132,805,,,,,,,,,,,,,
Region VII - Central Visayas,Division of Dumaguete City,,,1,,,6,,1,1,,2,1,11,17,,,,17,,4,2,,,,,,,,1,,,,,,,,,,,2,,,,,,,,,,,,,,,,,,,1,,,1,,1,,,,,,,,,,,,,,,,3,9,,,,,,,,,,,,,,,,,,,2,,,,,,,7,,5,,,,,,,,,,,,1,,,,,,,,,,,,,,,1,,,,,46,20,,,,,,,1,,,,4,,,,,,,,1,,3,2,,,,,,,,1,,,,,,,,,,12,5,5,,,,,,,,,,,,,,,,2,,,8,1,3,,,,,,,15,,,,,,,,,,,,331,140,371,,,,,,,,,,,,3,
Region VII - Central Visayas,Division of Guihulngan City,,,1,,,4,,,1,,5,1,15,20,,,,42,2,4,2,,,,,,3,,,,,,,,,,,,,2,,,,,,,,,,,,,,,,,,,,,,,,1,,,,,,,,,,,,,,,,3,11,,,,,,,,,,,,,,,,,,1,,,,,,,,11,3,7,2,,,,,,,,,,,1,,,,,,,,,,,,,,,1,,,,,70,14,,,,,,,1,,,,3,,,,,,,,1,,3,2,,,,,,,,2,,,,,,,,,,15,17,2,,1,,,,,,,,,,,,,,2,,,6,,,,,,,,,1,,,,,,,,,,,,356,228,609,,,,,,,,,,,,,
Region VII - Central Visayas,Division of Lapu-lapu City,,,1,,,14,1,5,3,,8,1,39,30,,,,44,,4,2,,,,,,12,,,,,1,,,,,,,,2,,,,,,,,,,,,,,,,,,,,,,1,,2,,,,,,,,,,,,,,,,5,10,,,1,,,,,,,,,,,,,,,,1,,,,,,,3,,33,,,,,,,,,,,,1,,,,,,,,,,,,,,,1,,,,,274,77,,,,,,,1,,,,8,,,,,,,,1,,8,1,,,,,,10,,6,,,,,,,,,,38,18,5,5,1,,,,,2,,,,,,,,,3,,,7,,6,,,,,,,34,,,,,,,,,,,,835,107,2038,,,,,,,,,,,,,
Region VII - Central Visayas,Division of Mandaue City,,,1,,,6,1,1,1,,6,1,33,27,,,,32,,4,2,,,,,,3,,1,,,1,,,,,,,,2,,,,,,,,,,,,,,,,,,,,,,1,,2,,,,,,,,,,,,,,,,5,11,,,1,,,,,,,,,,,,,,,2,,1,,,,,,4,,2,,,,,,,,,,,,1,,,,,,,,,,,,,,,1,,,,,211,71,,,,,,,1,,,,7,,,,,,,,1,,7,2,,,,,,10,,2,,,,,,,,,,17,6,7,12,1,,,,,1,,,,,,,,,4,,,3,4,12,,,,,,,47,,,,,,,,,,,,701,110,1317,,,,,,,,,,,,,
Region VII - Central Visayas,Division of Negros Oriental,,,1,,,39,,4,1,,6,1,130,60,,,,385,,3,2,,,,,,,,,,,1,,,,,,,,2,,,,,,,,,,,,,,,,,,,,,,2,,10,,,,,,,,,,,,,,,,8,11,,,1,,,,,,,,,,,,,,,6,1,,1,1,,,,74,33,37,2,,,,,,,,,,,1,,,,,,,,,,,,,,,1,,,,,428,108,,,,,,,1,,,,36,,,,,,,,1,,10,2,,,,,,33,,10,,,,,,,,,,176,35,3,1,1,,,,,5,,,,,,,,,4,,,37,5,11,,,,,,,58,,,,,,,,,,,,1524,1775,3909,,,,,,,,,,,,,
Region VII - Central Visayas,Division of Siquijor,,,1,,,5,,,1,,5,1,27,26,,,,23,,4,2,,,,,,,,,,,1,,,,,,,,2,,,,,,,,,,,,,,,,,,,,,,,,1,,,,,,,,,,,,,,,,4,11,,,1,,,,,,,,,1,,,,,,,,,,,,,,5,,19,,,,,,,,,,,,1,,,,,,,,,,,,,,,1,,,,,49,17,,,,,,,,,,,6,,,,,,,,1,,2,1,,,,,,7,,,,,,,,,1,,,27,8,,,1,,,,,2,,,,,,,,,4,,,6,,,,,,,,,3,,,,,,,,,,,,198,374,373,,,,,,,,,,,,,
Region VII - Central Visayas,Division of Tagbilaran City,,,1,,,6,,3,1,,6,1,15,16,,,1,15,,5,1,,,,,,3,,,,,,,,,,,,,2,,,,,,,,,,,,,,,,,,,,,,,,2,,,,,,,,,,,,,,,,3,11,,,,,,,,,,,,,,,,,,,4,1,,,,,,1,2,9,,1,,,,,,,,,,1,,,,,,,,,,,,,,,1,,,,,50,24,,,,,,,1,,,,4,,,,,,,,1,,4,2,,,,,,,,1,,,,,,,,,1,15,11,1,,1,,,,,1,,,,,,,,,2,,,4,,8,,,,,,,30,,,,,,,,,,,,176,91,488,,,,,,,,,,,,1,
Region VII - Central Visayas,Division of Talisay City,,,1,,,,,,1,,6,1,24,29,,,,27,,2,2,,,,,,2,,1,,,1,,,,,,,,2,,,,,,,,,,,,,,,,,,,,,,,,2,,,,,,,,,,,,,,,,5,9,,,1,,,,,,,,,,,,,,,,4,,,,,,,6,2,2,,,,,,,,,,,,1,,,,,,,,,,,,,,,1,,,,,50,17,,,,,,,1,,,,7,,,,,,,,1,,6,2,,,,,,10,,3,,,,,,,,,,30,3,1,,1,,,,,,,,,,,,,,4,,,7,2,4,,,,,,,13,,,,,,,,,,,,749,181,773,,,,,,,,,,,,,
Region VII - Central Visayas,Division of Tanjay City,,,1,,,6,,,1,,5,1,30,25,,,,13,,4,2,,,,,,,,1,,,,,,,,,,,2,,,,,,,,,,,,,,,,,,,,,,,,,,,,,,,,,,,,,,,,3,11,,,,,,,,,,,,,,,,,,,,,1,,,,,10,3,3,1,,,,,,,,,,,1,,,,,,,,,,,,,,,1,,,,,34,17,,,,,,,1,,,,3,,,,,,,,1,,3,2,,,,,,,,1,,,,,,,,,,41,4,,,,,,,,,,,,,,,,,2,,,2,1,1,,,,,,,5,,,,,,,,,,,,269,202,452,,,,,,,,,,,,,
Region VII - Central Visayas,Division of Toledo City,,,1,,,4,1,,1,,8,1,25,29,,,,33,,4,2,,,,,,,,,,,1,,,,,,,,2,,,,,,,,,,,,,,,,,,,,,,,,2,,,,,,,,,,,,,,,,4,10,,,1,,,,,,,,,,,,,,,,3,,,,,,,10,1,11,,,,,,,,,,,,1,,,,,,,,,,,,,,,1,,,,,137,28,,,,,,,1,,,,7,,,,,,,,1,,6,2,,,,,,8,,3,,,,,,,,,,45,8,2,,1,,,,,1,,,,,,,,,4,,,11,,7,,1,,,,,3,,,,,,,,,,,,546,275,938,,,,,,,,,,,,,
Region VI - Western Visayas,Division of Aklan,4,,1,,,38,1,15,7,,3,1,143,78,,,11,149,,7,2,,,,,,,,,,,1,,,,,,,,2,,,,,,,,,,,,,,,,,,,,,,,,2,,,,,,,,,,,,,,,,5,11,,,1,,,,,,,,,,,,,,,1,,3,,,,,,59,10,64,4,,2,,,,,,,,,1,,,,,,,,,,,,,,,1,,,,,295,123,4,,,,,,1,,,,15,,,,,,,,1,,4,2,,,,,,10,,4,,,,,,,1,,4,78,56,9,2,1,,,,,17,,,,,,,,,4,,,23,8,,,,,,,,37,,,,,,,,,,,,1767,865,2819,,,,,,,,,,,,3,
Region VI - Western Visayas,Division of Antique,4,,1,,,55,3,17,9,,9,1,109,76,,,17,187,,5,1,,,,,,3,,1,,,1,,,,,,,,2,,,,,,,,,,,,,,,,,,,,,,2,1,3,,,,,,,,,,,,,,,,4,10,,,1,,,,,,,,,,,,,,1,1,,5,,,,,,42,10,67,4,,2,,,,,,,,,1,,,,,,,,,,,,,,,1,,,,,303,111,1,,,,,,1,,,,52,,,,,,,,1,,7,1,,,,,,10,,6,,,,,,,2,2,2,118,36,7,2,1,,,,,20,1,,,,,,,,4,,,20,1,,,,,,,,20,,,,,,,,,,,,3061,1552,1512,,,,,,,,,,,,7,
Region VI - Western Visayas,Division of Bacolod City,2,,1,,,24,,7,14,,8,,60,34,,,8,56,,5,2,,,,,,4,,1,,,1,,,,,,,,2,,,,,,,,,,,,,,,,,,,,,,1,,2,,,,,,,,,,,,,,,,5,11,,,1,,,,,,,,,,,,,,,3,3,3,,,,,,12,2,24,18,,8,,,,,,,,,1,,,,,,,,,,,,,,,1,,,,,251,92,19,,,,,,1,,,,11,,,,,,,,1,,6,2,,,,,,9,,7,,,,,,,2,,2,14,13,23,15,1,,,,,15,,,,,,,,,4,,,26,1,,,,,,,,37,,,,,,,,,,,,1700,736,1076,,,,,,,,,,,,,
Region VI - Western Visayas,Division of Bago City,,,1,,,13,1,2,4,,7,,23,23,,,2,33,,5,2,,,,,,2,,,,,1,,,,,,,,2,,,,,,,,,,,,,,,,,,,,,,,,1,,,,,,,,,,,,,,,,4,10,,,1,,,,,,,,,,,,,,,1,1,1,,,,,,9,,8,3,1,1,,,,,,,,,1,,,,,,,,,,,,,,,1,,,,,73,19,,,,,,,1,,,,6,,,,,,,,1,,7,2,,,,,,10,,3,,,,,,,,,,15,9,3,,1,,,,,3,,,,,,,,,4,,,5,,,,,,,,,5,,,,,,,,,,,,490,241,575,,,,,,,,,,,,,
Region VI - Western Visayas,Division of Cadiz City,1,,1,,,11,1,,3,,5,1,31,28,,,2,37,,5,2,,,,,,2,,,,,1,,,,,,,,2,,,,,,,,,,,,,,,,,,,,,,,,2,,,,,,,,,,,,,,,,5,11,,,1,,,,,,,,,,,,,,,,,2,,,,,,9,1,15,2,,,,,,,,,,,1,,,,,,,,,,,,,,,1,,,,,68,29,,,,,,,1,,,,7,,,,,,,,1,,4,2,,,,,,9,,2,,,,,,,,1,,23,8,3,4,1,,,,,3,,,,,,,,,4,,,9,,,,,,,,,10,,,,,,,,,,,,567,313,574,,,,,,,,,,,,1,
Region VI - Western Visayas,Division of Capiz,2,,,,,34,,8,1,,9,1,109,85,,,8,224,,7,2,,,,,,11,,,,,1,,,,,,,,2,,,,,,,,,,,,,,,,,,,,,,2,,2,,,,,,,,,,,,,,,,5,11,,,1,,,,,,,,,,,,,,,4,,1,,,,,,89,28,84,7,2,1,,,,,,,,,1,,,,,,,,,,,,,,,1,,,,,449,170,,,,,,,1,,,,13,,,,,,,,1,,7,2,,,,,,10,,16,,,,,,,2,,,73,48,28,14,1,,,,,11,1,,,,,,,,4,,,17,5,2,,,,,,,24,,,,,,,,,,,,2663,980,2699,,,,,,,,,,,,1,
Region VI - Western Visayas,Division of Escalante City,,,1,,,2,,,1,,5,1,21,21,,,,33,,4,2,,,,,,3,,1,,,,,,,,,,,2,,,,,,,,,,,,,,,,,,,,,,,,1,,,,,,,,,,,,,,,,1,11,,,,,,,,,,,,,,,,,,,,,,,,,,,,4,,,,,,,,,,,,1,,,,,,,,,,,,,,,1,,,,,50,17,,,,,,,1,,,,3,,,,,,,,1,,6,2,,,,,,,,2,,,,,,,,,,19,4,3,,1,,,,,,,,,,,,,,2,,,2,,,,,,,,,1,,,,,,,,,,,,421,187,365,,,,,,,,,,,,1,
Region VI - Western Visayas,Division of Guimaras,,,1,,,6,,,1,,8,1,52,40,,,1,43,1,4,2,,,,,,,,1,,,1,,,,,,,,2,,,,,,,,,,,,,,,,,,,,,,,,2,,,,,,,,,,,,,,,,5,11,,,1,,,,,,,,,,,,,,,,,,,,,,,29,19,38,6,2,1,,,,,,,,,1,,,,,,,,,,,,,,,1,,,,,115,48,3,,,,,,1,,,,22,,,,,,,,1,,5,2,,,,,,10,,4,,,,,,,,,,22,24,6,1,1,,,,,1,,,,,,,,1,4,,,5,2,1,,,,,,,11,,,,,,,,,,,,595,286,745,,,,,,,,,,,,,
Region VI - Western Visayas,Division of Himamaylan City,1,,1,,,1,,,1,,8,1,18,18,,,2,30,,4,2,,,,,,3,,1,,,1,,,,,,,,2,,,,,,,,,,,,,,,,,,,,,,,,,,,,,,,,,,,,,,,,5,11,,,1,,,,,,,,,,,,,,,1,,,,,,,,6,2,9,,,,,,,,,,,,1,,,,,,,,,,,,,,,1,,,,,39,11,,,,,,,1,,,,5,,,,,,,,1,,1,2,,,,,,10,,1,,,,,,,,,,17,5,1,,1,,,,,1,,,,,,,,,4,,,2,,,,,,,,,2,,,,,,,,,,,,522,218,340,,,,,,,,,,,,,
Region VI - Western Visayas,Division of Iloilo,11,,1,,,126,4,36,20,,12,1,284,144,,,37,494,,12,2,,,,,,49,,2,,,1,,,,,,,,2,,,,,,,,,,,,,,,,,,,,,,13,,19,,,,,,,,,,,,,,,,10,8,,,1,,,,,,,,,,,,,,,5,2,12,,,,,,156,50,400,30,3,,,,,,,,,,1,,,,,,,,,,,,1,,,1,,,,,1058,455,11,,,,,,1,,,,71,,,,,,,,1,,16,2,,,,,,54,,39,,,,,,,3,4,4,266,91,28,13,1,,,,,43,1,,,,,,,,4,,,114,6,,,,,,,,102,,,,,,,,,,,,6955,4527,6180,,,,,,,,,,,,12,
Region VI - Western Visayas,Division of Iloilo City,,,1,,,31,1,1,10,,7,1,38,35,,,3,55,,6,2,,,,,,12,,,,,1,,,,,,,,2,,,,,,,,,,,,,,,,,,,,,,2,,2,,,,,,,,,,,,,,,,4,11,,,1,,,,,,,,,,,,,,,2,,2,,,,,,5,3,23,16,8,3,,,,,,,,,1,,,,,,,,,,,,,,,1,,,,,240,84,1,,,,,,1,,,,5,,,,,,,,1,,10,3,,,,,,10,,7,,,,,,,,1,,26,11,13,7,1,,,,,4,,,,,,,,,4,,,15,4,5,,,,,,,26,,,,,,,,,,,,1209,382,979,,,,,,,,,,,,,
Region VI - Western Visayas,Division of Kabankalan City,,,1,,,3,,,1,,7,1,37,32,,,,47,,4,2,,,,,,,,1,,,1,,,,,,,,2,,,,,,,,,,,,,,,,,,,,,,,,2,,,,,,,,,,,,,,,,5,10,,,1,,,,,,,,,,,,,,,1,1,,,,,,,5,3,9,,,,,,,,,,,,1,,,,,,,,,,,,,,,1,,,,,73,12,,,,,,,1,,,,7,,,,,,,,1,,3,2,,,,,,9,,4,,,,,,,,,,41,5,,,,,,,,,,,,,,,,,4,,,6,,,,,,,,,6,,,,,,,,,,,,981,374,535,,,,,,,,,,,,1,
Region VI - Western Visayas,Division of La Carlota City,,,1,,,18,,1,1,,2,1,10,12,,,1,20,,4,2,,,,,,2,,1,,,,,,,,,,,2,,,,,,,,,,,,,,,,,,,,,,1,,1,,,,,,,,,,,,,,,,2,11,,,,,,,,,,,,,,,,,,,,,,,,,,1,1,8,,4,,,,,,,,,,1,,,,,,,,,,,,,,,1,,,,,45,20,,,,,,,1,,,,4,,,,,,,,1,,3,2,,,,,,,,1,,,,,,,,1,,6,5,1,1,,,,,,1,,,,,,,,,1,,,11,,,,,,,,,1,,,,,,,,,,,,300,187,240,,,,,,,,,,,,,
Region VI - Western Visayas,Division of Negros Occidental,3,,1,,,49,1,11,5,1,7,1,150,108,,,9,385,1,6,2,,,,,,10,,1,,,1,,,,,,,,2,,,,,,,,,,,,,,,,,,,1,,,3,,8,,,,,,,,,,,,,,,,7,11,,,1,,,,,,,,,,,,,,1,7,,5,,,,,,53,16,107,4,1,6,,,,,,,,,1,,,,,,,,,,,,,,,1,,,,,507,187,2,,,,,,2,,,,41,,,,,,,,1,,9,2,,,,,,31,,16,,,,,,,2,1,1,193,66,16,2,1,,,,,9,,,,,,,,,3,,,39,,,,,,,,,52,,,,,,,,,,,,6179,2002,2828,,,,,,,,,,,,2,
Region VI - Western Visayas,Division of Passi City,,,1,,,2,,1,2,,4,1,17,19,,,2,24,,4,2,,,,,,3,,1,,,,,,,,,,,2,,,,,,,,,,,,,,,,,,,,,,,,1,,,,,,,,,,,,,,,,3,10,,,,,,,,,,,,,,,,,,1,,,,,,,,6,3,12,1,,,,,,,,,,,1,,,,,,,,,,,,,,,1,,,,,45,18,,,,,,,1,,,,3,,,,,,,,1,,2,1,,,,,,,,1,,,,,,,,,,12,10,3,1,1,,,,,1,,,,,,,,,2,,,5,,,,,,,,,9,,,,,,,,,,,,371,200,285,,,,,,,,,,,,,
Region VI - Western Visayas,Division of Roxas City,3,,1,,,13,1,5,3,,8,1,25,21,,,5,37,,5,2,,,,,,,,,,,1,,,,,,,,2,,,,,,,,,,,,,,,,,,,,,,3,1,2,,,,,,,,,,,,,,,,5,11,,,1,,,,,,,,,,,,,,,1,3,3,,,,,,4,6,2,5,1,2,,,,,,,,,1,,,,,,,,,,,,,,,1,,,,,60,25,1,,,,,,,,,,5,,,,,,,,1,,6,2,,,,,,10,,1,,,,,,,,1,1,7,12,15,8,1,,,,,4,,,,,,,,,4,,,20,1,,,,,,,,2,,,,,,,,,,,,363,298,498,,,,,,,,,,,,2,
Region VI - Western Visayas,Division of Sagay City,,,1,,,6,1,,2,,8,1,27,28,,,2,41,,4,2,,,,,,3,,,,,1,,,,,,,,2,,,,,,,,,,,,,,,,,,,,,,,,1,,,,,,,,,,,,,,,,2,10,,,1,,,,,,,,,,,,,,,,,,,,,,,13,5,9,1,,,,,,,,,,,1,,,,,,,,,,,,,,,1,,,,,119,24,,,,,,,1,,,,8,,,,,,,,1,,6,2,,,,,,10,,4,,,,,,,1,,,24,9,1,,,,,,,4,,,,,,,,,4,,,7,1,,,,,,,,7,,,,,,,,,,,,751,141,539,,,,,,,,,,,,,
Region VI - Western Visayas,Division of Silay City,1,,,,,4,,2,5,,8,1,17,16,,,1,29,,5,2,,,,,,1,,1,,,1,,,,,,,,,,,,,,,,,,,,,,,,,,,,,,1,,1,,,,,,,,,,,,,,,,5,10,,,1,,,,,,,,,,,,,,,,,1,,,,,,14,,1,,,4,,,,,,,,,1,,,,,,,,,,,,,,,1,,,,,61,18,,,,,,,1,,,,7,,,,,,,,1,,4,1,,,,,,10,,1,,,,,,,,,1,13,5,2,1,1,,,,,5,,,,,,,,,4,,,11,2,,,,,,,,6,,,,,,,,,,,,435,309,331,,,,,,,,,,,,,
Region VI - Western Visayas,Division of Sipalay City,,,1,,,,,,1,,8,1,20,16,,,,19,,4,2,,,,,,1,,,,,1,,,,,,,,2,,,,,,,,,,,,,,,,,,,,,,,,2,,,,,,,,,,,,,,,,5,9,,,1,,,,,,,,,,,,,,,,,,,,,,,10,,1,,,,,,,,,,,,1,,,,,,,,,,,,,,,1,,,,,49,11,,,,,,,1,,,,5,,,,,,,,1,,4,2,,,,,,10,,1,,,,,,,,,,11,4,,,,,,,,,,,,,,,,,4,,,3,,,,,,,,,1,,,,,,,,,,,,374,167,295,,,,,,,,,,,,,
Region VI - Western Visayas,Division of Victorias City,,,1,,,4,,1,3,,2,4,8,15,,,,19,,2,2,,,,,,3,,,,,,,,,,,,,2,,,,,,,,,,,,,,,,,,,,,,,,1,,,,,,,,,,,,,,,,2,10,,,,,,,,,,,,,,,,,,1,,,,,,,,,1,5,3,,,,,,,,,,,1,,,,,,,,,,,,,,,1,,,,,55,18,,,,,,,1,,,,2,,,,,,,,1,,1,1,,,,,,,,1,,,,,,,,,,9,6,1,1,1,,,,,2,,,,,,,,,2,,,11,,,,,,,,,12,,,,,,,,,,,,309,146,277,,,,,,,,,,,,,
Region V - Bicol,Division of Albay,3,,1,,1,60,3,8,26,,7,,191,52,,,7,286,1,8,2,,,,,,19,,2,,,1,,,,,,,,2,,,,,,,,,,,,,,,,,,,,,,7,,7,,,,,,,,,2,13,,,,,,8,10,,,1,,,,,,,,,4,,,,,,4,,2,,,,,,108,13,102,2,,6,,,,,,,,,1,,,,,,,,,,,,1,,,1,,,,,490,140,,,,,,,1,,,,40,,,,,,,,,,20,2,,,,,,33,,15,,,,,,,2,1,1,225,46,8,3,1,,,,,11,1,,,,,,,54,4,,,13,5,19,,,,,,,114,,,,,,,,,,,,2732,1910,4595,,,,,,,,,,,,5,
Region V - Bicol,Division of Camarines Norte,2,,1,,,52,2,6,3,,8,1,126,41,,,3,163,,5,2,,,,,,9,,1,,,1,,,,1,,,,2,,,,,,,,,,,,,,,,,,,,,,3,,4,,,,,,,,,1,10,,,,,,5,12,,,1,,,,,,,,,,,,,,,2,,1,,,,,,44,18,79,14,,,,,,,,,,,1,,,,,,,,,,,,,,,1,,,,,299,155,6,,,,,,1,,,,18,,,,,,,,1,,12,2,,,,,,10,,7,,,,,,,,,2,101,46,18,4,1,,,,,7,,,,,,,,33,4,,,18,2,8,,,,,,,45,,,,,,,,,,,,2197,1091,2593,,,,,,,,,,,,3,
Region V - Bicol,Division of Camarines Sur,10,1,1,,,100,,15,10,,10,1,352,107,,,16,482,,8,2,,,,,,8,,3,,,1,,,,2,,,,2,,,,,,,,,1,,,,,,,,,,,,,12,,11,,,,,,,,,4,33,,,,,,11,9,,,1,,,,,,,,,2,,,,1,,1,26,2,,,,,,180,57,168,2,,3,,,,,,,,,1,,,,,,,,,,,,1,,1,1,,,,,890,433,2,,,,,,1,,,,65,,,,,,,,1,,40,2,,,,,,56,,17,,,,,,,5,1,4,351,87,24,11,1,,,,,18,2,,,,,,,99,4,,,18,5,18,,,,,,,93,,,,,,,,,,,,7327,3022,7170,,,,,,,,,,,,10,
Region V - Bicol,Division of Catanduanes,2,,1,,,68,4,10,10,,11,,79,41,,,8,57,3,15,2,,,,,,,,1,,,1,,,1,,,,,2,,,,,,,,,1,,,,,,,,,,1,3,,1,1,3,,,,,,,,,1,,,,,,,5,11,,,1,,,,,,,,,4,,,,,,,,1,,,,,,33,17,39,16,3,1,,,,,,,,,1,,,,,,,,,,,,,,,1,,,,,254,81,2,,,,,,,,,,12,,,,,,,,1,,4,2,,,,,,11,,4,,,,,,,,,,84,31,6,1,,,,,,57,5,,,,,,,18,4,,,11,4,3,,,,,,,20,,,,,,,,,,,,470,887,1877,,,,,,,,,,,,2,1
Region V - Bicol,Division of Iriga City,1,,1,,,11,,3,2,,5,1,23,18,,,2,24,1,5,2,,,,,,,,1,,,,,,,,,,,2,,,,,,,,,,,,,,,,,,,,,,1,,1,,,,,,,,,,2,,,,,,3,11,,,,,,,,,,,,,,,,,,,,2,,,,,,6,1,20,,,,,,,,,,,,1,,,,,,,,,,,,,,,1,,,,,93,44,6,,,,,,1,,,,4,,,,,,,,1,,3,2,,,,,,,,3,,,,,,,,,1,21,9,2,1,1,,,,,4,,,,,,,,5,1,,,7,7,4,,,,,,,6,,,,,,,,,,,,168,305,461,,,,,,,,,,,,,
Region V - Bicol,Division of Legazpi City,1,,1,,,17,,4,2,1,7,,30,21,,,2,31,,4,2,,,,,,3,,1,,,1,,,,,,,,2,,,,,,,,,,,,,,,,,,,,,,,,2,,,,,,,,,1,3,,,,,,4,10,,,1,,,,,,,,,,,,,,,,3,1,,,,,,12,1,26,,,3,,,,,,,,,1,,,,,,,,,,,,,,,1,,,,,86,42,2,,,,,,1,,,1,7,,,,,,,,1,,7,2,,,,,,9,,3,,,,,,,,,,25,9,9,,1,,,,,4,,,,,,,,6,4,,,4,,20,,3,,,1,,41,,,,,,,,,,,,480,232,808,,,1,,,,,,,,,,
Region V - Bicol,Division of Ligao City,1,,1,,,7,,,2,,8,1,28,22,,,,24,,4,2,,,,,,1,,1,,,1,,,,,,,,2,,,,,,,,,,,,,,,,,,,,,,,,2,,,,,,,,,,2,,,,,,5,11,,,1,,,,,,,,,,,,,,,,1,,,,,,,5,1,14,3,2,,,,,,,,,,1,,,,,,,,,,,,,,,1,,,,,68,49,2,,,,,,1,,,,7,,,,,,,,1,,6,2,,,,,,10,,2,,,,,,,1,,,41,5,,2,1,,,,,2,,,,,,,,8,4,,,4,5,1,,,,,,,16,,,,,,,,,,,,388,233,674,,,1,,,,,,,,,,
Region V - Bicol,Division of Masbate,2,,1,,,80,,8,13,,10,,199,74,,,3,328,,5,2,,,,,,5,,1,,,1,,,,,,,,2,,,,,,,,,2,,,,,,,,,,,,,10,,9,,,,,,,,,,24,,,,,,7,11,,,1,,,,,,,,,,,,,,,,,,,,,,,88,21,184,1,,,,,,,,,,,1,,,,,,,,,,,,1,,1,1,,,,,511,237,3,,,,,,,,,1,78,,,,,,,,1,,18,2,,,,,,33,,9,,,,,,,1,,,284,49,2,1,1,,,,,8,,,,,,,,63,4,,,8,,2,,,,,,,29,,,,,,,,,,,,4146,901,4985,,,,,,,,,,,,5,
Region V - Bicol,Division of Masbate City,1,,1,,,15,,6,3,,7,1,20,21,,,2,28,,5,2,,,,,,3,,1,,,1,,,,,,,,2,,,,,,,,,,,,,,,,,,,,,,,,2,,,,,,,,,1,,,,,,,5,10,,,1,,,,,,,,,,,,,,1,,,,,,,,,5,3,9,,,4,,,,,,,,,1,,,,,,,,,,,,,,,1,,,,,60,37,1,,,,,,1,,,,8,,,,,,,,1,,4,2,,,,,,10,,1,,,,,,,,,,25,3,1,2,1,,,,,2,,,,,,,,4,3,,,3,,1,,,,,,,4,,,,,,,,,,,,323,163,580,,,,,,,,,,,,3,
Region V - Bicol,Division of Naga City,2,,2,,,15,2,,6,,14,2,49,43,,,3,50,,8,4,,,,,,4,,1,,,1,,,,,,,,4,,,,,,,,,,,,,,,,,,,,,,,1,3,,,,,,,,,,2,,,,,,8,22,,,1,,,,,,,,,,,,,,2,,13,3,,,,,,20,,14,,,6,,,,,,,,,1,,,,,,,,,,,,,,,2,,,,,202,85,1,,,,,,3,,,,12,,,,,,,,2,,13,3,,,,,,10,,3,,,,,,,1,,1,32,15,4,3,2,,,,,3,,,,,,,,5,4,,,20,4,17,,,,,,,40,,,,,,,,,,,,869,511,1312,,,,,,,,,,,,,
Region V - Bicol,Division of Sorsogon,3,,1,,,60,1,6,9,,8,1,119,50,,,14,216,,9,2,,,,,,18,,1,,,1,,,,,,,,2,,,,,,,,,,,,,,,,,,,,,,3,,5,,,,,,,,,,8,,,,,,5,11,,,1,,,,,,,,,,,,,,,4,2,2,,,,,,104,48,134,3,1,4,,,,,,,,,,,,,,,,,,,,,,,,1,,,,,442,240,8,,,,,,1,,,1,27,,,,,,,,1,,12,2,,,,,,12,,16,,,,,,,5,1,1,151,45,28,,1,,,,,18,1,,,,,,,43,4,,,18,,7,,,,,,,42,,,,,,,,,,,,2400,1106,3619,,,,,,,,,,,,3,
Region V - Bicol,Division of Sorsogon City,1,,1,,,9,,3,5,,7,1,36,22,,,2,27,,5,2,,,,,,3,,,,,1,,,,,,,,2,,,,,,,,,,,,,,,,,,,,,,,,2,,,,,,,,,,3,,,,,,5,11,,,1,,,,,,,,,,,,,,,,1,1,,,,,,6,4,15,,1,4,,,,,,,,,1,,,,,,,,,,,,,,,1,,,,,109,38,,,,,,,1,,,,8,,,,,,,,1,,6,2,,,,,,10,,2,,,,,,,,,1,30,20,3,4,1,,,,,3,,,,,,,,8,4,,,4,2,6,,,,,,,26,,,,,,,,,,,,426,348,954,,,,,,,,,,,,1,
Region V - Bicol,Division of Tabaco City,1,,1,,,11,,2,6,,7,1,23,19,,,2,25,,5,2,,,,,,2,,1,,,1,,,,,,,,2,,,,,,,,,,,,,,,,,,,,,,,,2,,,,,,,,,,3,,,,,,5,10,,,1,,,,,,,,,,,,,,,2,2,1,,,,,,6,1,8,1,,4,,,,,,,,,1,,,,,,,,,,,,,,,1,,,,,96,46,2,,,,,,1,,,,8,,,,,,,,1,,4,2,,,,,,10,,2,,,,,,,1,,1,25,8,3,1,1,,,,,1,,,,,,,,6,3,,,8,1,,,,,,,,26,,,,,,,,,,,,394,326,781,,,,,,,,,,,,2,
Region IX - Zamboanga Peninsula,Division of Dapitan City,,,1,,,5,,,1,,4,1,18,22,,,,33,,4,2,,,,,,3,,1,,,,,,,,,,,2,,,,,,,,,,,,,,,,,,,,,,,,1,,,,,,,,,,3,,,,,,3,11,,,,,,,,,,,,,,,,,1,1,,,,,,,,15,22,6,2,3,4,,,,,,,,,1,,,,,,,,,,,,,,,1,,,,,48,24,14,,,,,,,,,,7,,,,,,,,1,,5,2,,,,,,3,,1,,,,,,,,,,13,5,6,13,1,,,,,1,,,,,,,,3,2,,,5,,2,,,,,,,6,,,,,,,,,,,,176,109,546,,,,,,,,,,,,,
Region IX - Zamboanga Peninsula,Division of Dipolog City,,,1,,,7,2,3,5,,8,1,23,23,,,2,33,,5,2,,,,,,3,,1,,,1,,,,,,,,2,,,,,,,,,,,,,,,,,,,,,,,,2,,,,,,,,,,4,,,,,,4,11,,,1,,,,,,,,,,,,,,1,2,,2,,,,,,10,11,8,1,3,3,,,,,,,,,1,,,,,,,,,,,,,,,1,,,,,65,41,3,,,,,,,,,,10,,,,,,,,1,,5,1,,,,,,9,,1,,,,,,,,1,,12,14,10,9,1,,,,,4,,,,,,,,3,4,,,5,4,1,,,,,,,9,,,,,,,,,,,,279,144,834,,,,,,,,,,,,1,
Region IX - Zamboanga Peninsula,Division of Isabela City,,,1,,,7,,4,3,,12,1,16,22,,,1,35,,4,2,,,,,,3,,1,,,1,,,,,,,,2,,,,,,,,,,,,,,,,,,,,,,,,,,,,,,,,,,,,,,,,5,11,,,1,,,,,,,,,,,,1,,,,,,,,,,,19,9,8,5,,2,,,,,,,,,1,,,,,,,,,,,,,,,1,,,,,66,34,4,,,,,,1,,,,10,,,,,,,,1,,6,2,,,,,,10,,1,,,,,,,1,1,,35,9,1,1,1,,,,,4,,,,,,,,1,4,,,13,1,,,,,,,,2,3,,,,,,,,,,,441,327,531,,,,,,,,,,,,4,
Region IX - Zamboanga Peninsula,Division of Pagadian City,,,1,,,6,,3,7,,8,1,28,24,,,4,49,,5,2,,,,,,2,,1,,,1,,,,,,,,2,,,,,,,,,,,,,,,,,,,,,,,,2,,,,,,,,,,7,,,,,,5,11,,,1,,,,,,,,,,,,,,,,4,5,,,,,,26,22,20,21,9,3,,,,,,,,,1,,,,,,,,,,,,,,,1,,,,,101,56,6,,,,,,1,,,,9,,,,,,,,1,,7,2,,,,,,10,,2,,,,,,,,1,1,11,23,7,14,1,,,,,7,1,,,,,,,5,4,,,3,,5,,,,,,,12,,,,,,,,,,,,344,124,1125,,,,,,,,,,,,,
Region IX - Zamboanga Peninsula,Division of Zamboanga City,,,1,,,10,,2,4,,9,,58,35,,,2,143,,5,2,,,,,,6,,1,,,1,,,,,,,,2,,,,,,,,,,,,,,,,,,,,,,,,2,,,,,,,,,,10,,,,,,5,11,,,1,,,,,,,,,,,,,,,4,1,3,,,,,,73,44,22,8,8,12,,,,,,,,,1,,,,,,,,,,,,,,,1,,,,,425,170,44,2,,,,,1,,,,17,,,,1,,,,1,,14,2,,,,,,9,,9,,,,,,,,,,73,34,13,22,1,,,,,,,,,,,,,13,4,,,69,19,2,,,,,,,48,,,,,,,,,,,,3619,1113,2535,,,,,,,,,,,,,
Region IX - Zamboanga Peninsula,Division of Zamboanga del Norte,,,1,,,23,1,12,5,,10,1,107,95,,,2,534,,5,2,,,,,,11,,2,,,1,,,,,,,,2,,,,,,,,,,,,,,,,,,,,,,,1,7,,,,,,,,,,18,,,,,,8,12,,,1,,,,,,,,,4,,,,,,3,2,1,,,,,,327,122,65,34,15,6,,,,,,,,,1,,,,,,,,,,,,1,,,1,1,,,,478,214,13,,,,,,2,,,,43,,,,,,,,1,,34,2,,,,,,33,,15,,,,1,,,,,2,132,62,39,29,1,,,,,8,,,,,,,,16,4,,,91,15,2,,,,,,,31,,,,,,,,,,,,2633,1013,4726,,,,,,,,,,,,5,
Region IX - Zamboanga Peninsula,Division of Zamboanga del Sur,,,1,,,17,,11,3,,9,1,122,104,,,3,472,,5,2,,,,,,5,,1,,,1,,,,,,,,2,,,,,,,,,,,,,,,,,,,,,,1,,7,,,,,,,,,,19,,,,,,8,11,,,1,,,,,,,,,,,,,,,6,,1,,,,,,273,147,110,76,48,3,,,,,,,,,1,,,,,,,,,,,,1,,1,1,,,,,486,199,23,1,,,,,1,,,,42,,,,,,,,1,,3,2,,,,,,33,,14,,,,,,,,1,2,106,101,65,17,1,,,,,5,,,,,,,,17,4,,,35,2,17,,,,,,,18,2,,,,,,,,,,,2990,952,4704,,,,,,,,,,,,1,
Region IX - Zamboanga Peninsula,Division of Zamboanga Sibugay,,,1,,,7,,10,6,,7,1,76,64,,,1,313,,4,2,,,,,,7,2,1,,,1,,,,,,,,2,,,,,,,,,1,,,,,,,,,,,,,,,1,,,,,,,,,,10,,,,,,5,10,,,1,,,,,,,,,,,,,,,5,8,,,,,,,245,118,76,38,24,3,,,,,,,,,1,,,,,,,,,,,,,,,1,,,,,422,165,6,,,,,,,,,,26,,,,,,,,1,,6,2,,,,,,10,,11,,,,,,,2,,,63,64,42,50,1,,,,,5,,,,,,,,12,4,,,24,15,10,5,,,,,,15,4,,,,,,,,,,,1376,705,4174,,,,,,,,,,,,,
Region IVB - MIMAROPA,Division of Calapan City,1,,1,,,10,,1,4,,7,1,20,25,,,2,33,,5,2,,,,,,3,,1,,,1,,,,,,,,2,,,,,,,,,,,,,,,,,,,,,,,,2,,,,,,,,,,,,,,,,5,10,,,1,,,,,,,,,,,,,,1,1,5,3,,,,,,,1,17,4,,9,,,,,,,,,1,,,,,,,,,,,,,,,1,,,,,82,48,,,,,,,1,,,,8,,,,,,,,1,,6,2,,,,,,10,,1,,,,,,,,,1,10,25,8,5,1,,,,,3,1,,,,,,,,4,,,18,6,5,,,,,,,9,,,,,,,,,,,,179,286,719,,,,,,,,,,,,,
Region IVB - MIMAROPA,Division of Marinduque,,,1,,,22,,,4,,8,1,47,41,,,2,57,,5,2,,,,,,1,,1,,,1,,,,,,,,2,,,,,,,,,,,,,,,,,,,,,,2,,3,,,,,,,,,,,,,,,,4,11,,,1,,,,,,,,,,,,,,,2,,1,,,,,,24,6,39,,1,1,,,,,,,,,1,,,,,,,,,,,,,,,1,,,,,138,51,1,,,,,,1,,,,14,,,,,,,,1,,5,1,,,,,,10,,1,,,,,,,,,,72,38,3,1,,,,,,3,1,,,,,,,,4,,,25,1,8,,,,,,,6,,,,,,,,,,,,839,880,787,,,,,,,,,,,,,
Region IVB - MIMAROPA,Division of Occidental Mindoro,,,1,,,36,2,11,16,,13,1,84,58,,,6,226,,7,2,,,,,,,,1,,,1,,,,,,,,2,,,,,,,,,,,,,,,,,,,,,,4,,2,,,,,,,,,,,,,,,,6,11,,,1,,,,,,,,,1,,,,,,3,2,,,,,,,71,30,103,10,12,25,,,,,,,,,1,,,2,1,,,,,,,,,,1,1,,,,,315,119,,,,,,,1,,,,20,,,,,,,,1,,11,2,,,,,,10,,8,,,,,,,4,1,1,25,48,28,18,,,,,,20,2,,,,,,,,4,,,21,5,,,,,,,,3,,,,,,,,,,,,945,778,3257,,,,,,,,,,,,5,
Region IVB - MIMAROPA,Division of Oriental Mindoro,,,1,,,26,,4,4,,7,1,135,94,,,3,235,,4,2,,,,,,4,,1,,,1,,,,,,,,2,,,,,,,,,2,,,,,,,,,,,,,,,2,,,,,,,,,,,,,,,,5,11,,,1,,,,,,,,,,,,,,,7,2,1,,,,,,58,45,191,18,8,1,,,,1,,,,,1,,,,,,,,,,,,,,,1,,,,,406,218,,,,,,,1,,,,20,,,,,,,,1,,15,3,,,,,,12,,10,,,,,,,2,1,,79,59,59,44,1,,,,,17,,,,,,,,,4,,,32,3,2,,,,,,,19,,,,,,,,,,,,1191,1037,4610,,,,,,,,,,,,,
Region IVB - MIMAROPA,Division of Palawan,,,1,,,21,2,7,5,,9,1,144,90,,,5,500,,5,2,,,,,,9,,1,,,1,,,,,,,,2,,,,,,,,,1,,,,,,,,,,1,,,1,,3,,,,,,,,,,,,,,,,7,9,,,1,,,,,,,,,2,,,,,,6,2,,,,,,,116,55,181,10,14,,,,,,,,,,1,,,,1,,,,,,,,,,1,1,,,,,514,151,,,,,,,1,,,,39,,,,,,,,1,,14,2,,,,,,32,,13,,,,,,,1,,,130,69,33,9,1,,,,,14,,,,,,,,,4,,,18,3,3,,,,,,,10,,,,,,,,,,,,5446,1051,3507,,,,,,,,1,,,,1,
Region IVB - MIMAROPA,Division of Puerto Princesa City,,,1,,,5,,7,2,,6,1,36,32,,,2,60,,5,2,,,,,,4,,1,,,1,,,,,,,,2,,,,,,,,,,,,,,,,,,,,,,1,,2,,,,,,,,,,,,,,,,5,11,,,1,,,,,,,,,,,,,,,1,,5,,,,,,7,1,38,9,2,8,,,,,,,,,1,,,,,,,,,,,,,,,1,,,,,159,56,,,,,,,1,,,,9,,,,,,,,1,,7,2,,,,,,10,,2,,,,,,,1,,1,27,18,6,5,,,,,,7,2,,,,,,,,4,,,11,3,,,,,,,,14,,,,,,,,,,,,930,318,1127,,,,,,,,,,,,,
Region IVB - MIMAROPA,Division of Romblon,,,1,,,37,,12,5,,7,1,85,58,,,4,132,,8,2,,,,,,9,,1,,,1,,,,,,,,2,,,,1,,,,,3,,,,,,,,,,,,,2,,4,,,,,,,,,,,,,,,,5,11,,,1,,,,,,,,,3,,,,,,7,1,1,,,,,,34,34,89,10,13,6,,,,,,,,,1,,,,,,,,,,,,,,,1,,,,,205,82,,,,,,,1,,,,41,1,,,,,,,1,,5,2,,,,,,10,,7,,,,,,,1,,1,67,36,17,6,1,,,,,17,4,,,,,,,1,4,,,23,,,,,,,,,32,,,,,,,,,,,,1443,1011,955,,,,,,,,,,,,,
Region IVA - CALABARZON,Division of Antipolo City,,,1,,,1,,,1,,8,1,51,29,,,,52,,5,2,,,,,,,,1,,,1,,,,,,,,2,,,,,,,,,,,,,,,,,,,,,,,,2,,,,,,,,,,,,,,,,5,11,,,1,,,,,,,,,,,,,,,3,4,5,,,,,,40,32,5,6,,,,,,,,,,,1,,,,,,,,,,,,,,,1,,,,,382,79,,,,,,,1,,,,9,,,,,,,,1,,4,2,,,,,,10,,9,,,,,,,1,,,11,10,8,20,,,,,,,,,,,,,,,4,,,15,4,5,,,,,,,10,,,,,,,,,,,,2285,1265,1621,,,,,,,,,,,,,
Region IVA - CALABARZON,Division of Bacoor City,,,1,,,10,,,4,,5,1,14,19,,,2,29,,5,2,,,,,,2,,1,,,,,,,,,,,2,,,,,,,,,,,,,,,,,,,,,,,,1,,,,,,,,,,,,,,,,3,11,,,,,,,,,,,,,,,,,,2,1,,,,,,,1,2,4,1,,5,,,,,,,,,1,,,,,,,,,,,,,,,1,,,,,188,32,,,,,,,1,,,,5,,,,,,,,1,,5,2,,,,,,,,1,,,,,,,,1,,9,15,3,7,,,,,,6,1,,,,,,,,2,,,11,,2,,,,,,,12,,,,,,,,,,,,1315,549,749,,,,,,,,,,,,,
Region IVA - CALABARZON,Division of Batangas,,,1,,,79,,1,7,,6,1,203,154,,,2,436,,5,2,,,,,,45,,1,,,1,,,,,,,,2,,,,,,,,,,,,,,,,,,,,,,2,,7,,,,,,,,,,,,,,,,8,11,,,1,,,,,,,,,,,,,,1,7,2,3,,,,,,144,107,195,6,,13,,,,,,,,,1,,,,,,,,,,,,1,,1,1,,,,,712,270,,,,,,,1,,,,45,,,,,,,,1,,28,2,,,,,,33,,30,,,,,,,,1,1,165,122,73,64,1,,,,,8,1,,,,,,,,4,,,60,12,22,,,,,,,25,,,,,,,,,,,,3114,2725,7031,,,,,,,,,,,,,
Region IVA - CALABARZON,Division of Batangas City,1,,1,,,67,,6,4,,9,1,44,38,,,2,44,,5,2,,,,,,2,,1,,,1,,,,,,,,2,,,,,,,,,,,,,,,,,,,,,,,1,2,,,,,,,,,,,,,,,,5,11,,,1,,,,,,,,,2,,,,,1,1,,4,,,,,,13,4,15,6,,8,,,,,,,,,1,,,,,,,,,,,,,,,1,,,,,117,65,,,,,,,1,,,,8,,,,,,,,1,,8,2,,,,,,10,,2,,,,,,,,,1,16,18,15,21,1,,,,,6,,,,,,,,,4,,,34,,1,,,,,,,5,,,,,,,,,,,,586,398,1230,,,,,,,,,,,,1,
Region IVA - CALABARZON,Division of Biñan City,,,1,,,2,,,2,,8,1,26,20,,,,34,,4,2,,,,,,1,,1,,,1,,,,,,,,2,,,,,,,,,,,,,,,,,,,,,,,,2,,,,,,,,,,,,,,,,5,11,,,1,,,,,,,,,,,,,,,,1,1,,,,,,7,11,11,4,,4,,,,,,,,,1,,,,,,,,,,,,,,,1,,,,,136,54,,,,,,,1,,,,7,,,,,,,,1,,4,2,,,,,,10,,7,,,,,,,,,,22,8,1,3,1,,,,,2,,,,,,,,,4,,,6,4,2,,,,,,,3,,,,,,,,,,,,968,406,466,,,,,,,,,,,,,
Region IVA - CALABARZON,Division of Cabuyao City,,,1,,,5,,,1,,7,1,14,20,,,,23,,4,2,,,,,,1,,1,,,1,,,,,,,,2,,,,,,,,,,,,,,,,,,,,,,,,2,,,,,,,,,,,,,,,,5,11,,,1,,,,,,,,,,,,,,,,,1,,,,,,11,6,14,3,,,,,,,,,,,1,,,,,,,,,,,,,,,1,,,,,121,18,,,,,,,1,,,,4,,,,,,,,1,,3,2,,,,,,11,,,,,,,,,,,,10,7,6,2,1,,,,,,,,,,,,,,4,,,7,2,1,,,,,,,4,,,,,,,,,,,,885,322,519,,,,,,,,,,,,,
Region IVA - CALABARZON,Division of Calamba City,,,1,,,2,,,1,,8,1,46,36,,,,50,,4,2,,,,,,6,,,,,1,,,,,,,,2,,1,,,,,,,,,,,,,,,,,,,,,,2,,,,,,,,,,,,,,,,5,11,,,1,,,,,,,,,,,,,,,1,,4,,,,,,31,15,53,3,,2,,,,,,,,,1,,,,,,,,,,,,,,1,1,,,,,183,89,,,,,,,1,,,,8,,,,,,,,1,,6,2,,,,,,10,,7,,,,,,,,,,24,12,9,8,1,,,,,,,,,,,,,,4,,,18,,4,,,,,,,9,,,,,,,,,,,,1307,686,947,,,,,,,,,,,,,
Region IVA - CALABARZON,Division of Cavite,1,,1,,,87,,19,17,,10,1,144,95,,,12,200,,12,2,,,,,,23,,2,,,1,,,,,,,,2,,,,,,,,,,,,,,,,,,,,,,4,,8,,,,,,,,,,,,,,,,9,11,,,1,,,,,,,,,3,,,,,4,10,1,11,,,,1,,84,34,110,18,,31,,,,,,,,,1,,,,,,,,,,,1,1,,,1,,,,,775,244,,,,,,1,2,,,,47,,,,,,,,1,,22,2,,,,,,33,,19,,,,,,,4,1,3,105,58,44,44,1,,,,,27,5,,,,,,,,4,,,61,10,12,,,,,,,46,,,,,,,,,,,,5607,2599,3247,,,,,,,,,,,,3,
Region IVA - CALABARZON,Division of Cavite City,,,1,,,13,1,4,6,,5,1,11,18,,,2,11,,5,2,,,,,,,,1,,,,,,,,,,,2,,,,,,,,,,,,,,,,,,,,,,,,2,,,,,,,,,,,,,,,,3,11,,,,,,,,,,,,,,,,,1,,,4,,,,,,2,,3,,,8,,,,,,,,,1,,,,,,,,,,,,,,,1,,,,,54,26,,,,,,,2,,,,4,,,,,,,,1,,2,1,,,,,,1,,2,,,,,,,2,,,4,5,,5,,,,,,6,1,,,,,,,,2,,,11,,2,,,,,,,1,,,,,,,,,,,,342,193,229,,,,,,,,,,,,,
Region IVA - CALABARZON,Division of Dasmariñas City,1,,1,,,13,,10,7,,7,1,35,25,,,2,33,,5,2,,,,,,9,,1,,,1,,,,,,,,2,,,,,,,,,,,,,,,,,,,,,,,,3,,,,,,,,,,,,,,,,5,10,,,1,,,,,,,,,,,,,,2,,3,8,,,,,,13,7,27,7,,10,,,,,,,,,1,,,,,,,,,,,,,,,1,,,,,266,59,,,,,,,2,,,,12,,,,,,,,1,,4,2,,,,,,10,,6,,,,,,,,1,1,7,13,5,15,1,,,,,4,1,,,,,,,,4,,,25,5,5,,,,,,,16,,,,,,,,,,,,1694,852,1314,,,,,,,,,,,,,
Region IVA - CALABARZON,Division of General Trias City,,,1,,,11,,,5,,7,1,12,19,,,2,24,,5,2,,,,,,1,,1,,,1,,,,,,,,2,,,,,,,,,,,,,,,,,,,,,,,,2,,,,,,,,,,,,,,,,4,11,,,1,,,,,,,,,,,,,,1,,,1,,,,,,13,2,5,,,5,,,,,,,,,1,,,,,,,,,,,,,,,1,,,,,117,30,,,,,,,1,,,,6,,,,,,,,1,,2,2,,,,,,10,,1,,,,,,,,,1,14,7,2,5,,,,,,3,1,,,,,,,,4,,,15,,4,,,,,,,13,,,,,,,,,,,,919,452,647,,,,,,,,,,,,,
Region IVA - CALABARZON,Division of Imus City,,,1,,,7,,,1,,4,1,12,19,,,,30,,4,2,,,,,,,,1,,,,,,,,,,,2,,,,,,,,,,,,,,,,,,,,,,,,1,,,,,,,,,,,,,,,,3,11,,,,,,,,,,,,,,,,,,,2,1,,,,,,,1,4,2,,11,,,,,,,,,1,,,,,,,,,,,,,,,1,,,,,166,49,,,,,,,1,,,,4,,,,,,,,1,,5,2,,,,,,,,1,,,,,,,,,,7,11,3,8,,,,,,,,,,,,,,,1,,,22,3,7,,,,,,,10,,,,,,,,,,,,1144,589,565,,,,,,,,,,,,,
Region IVA - CALABARZON,Division of Laguna,1,,1,,,55,,6,3,,8,,136,87,,,1,180,,5,2,,,,,,5,,1,,,1,,,,,,,,2,,,,,,,,,,,,,,,,,,,,,,6,,7,,,,,,,,,,,,,,,,8,10,,,1,,,,,,,,,,,,,,6,4,3,5,,,,,,82,35,85,2,,12,,,,,,,,,1,,,,,,,,,,,,1,,,1,,,,,443,272,,,,,,1,1,,,,39,,,,,,,,1,,21,2,,,,,,28,,14,,,,,,,,,,99,62,28,17,1,,,,,3,1,,,,,,,,4,,,57,4,3,,,,,,,34,,,,,,,,,,,,2282,1812,3164,,,,,,,,,,,,,
Region IVA - CALABARZON,Division of Lipa City,,,1,,,10,1,,1,,7,1,41,32,,,,58,,4,2,,,,,,6,,1,,,1,,,,,,,,2,,,,,,,,,,,,,,,,,,,,,,1,,2,,,,,,,,,,,,,,,,3,11,,,1,,,,,,,,,,,,,,,2,,,,,,,,14,7,27,1,,,,,,,,,,,1,,,,,,,,,,,,,,,1,,,,,105,32,,,,,,,1,,,,7,,,,,,,,,,5,2,,,,,,10,,5,,,,,,,,,,25,20,17,7,1,,,,,1,,,,,,,,,4,,,12,3,11,,,,,,,3,,,,,,,,,,,,716,422,1288,,,,,,,,,,,,,
Region IVA - CALABARZON,Division of Lucena City,,,1,,,16,,,1,,8,1,22,23,,,,40,,4,2,,,,,,2,,,,,1,,,,,,,,2,,,,,,,,,,,,,,,,,,,,,,,,2,,,,,,,,,,,,,,,,5,10,,,1,,,,,,,,,,,,,,,1,4,,,,,,,13,4,8,1,,,,,,,,,,,1,,,,,,,,,,,,,,,1,,,,,100,43,,,,,,,1,,,,7,,,,,,,,1,,7,2,,,,,,10,,3,,,,,,,,,,22,17,3,1,1,,,,,1,,,,,,,,,4,,,11,2,4,,,,,,,6,,,,,,,,,,,,624,461,556,,,,,,,,,,,,,
Region IVA - CALABARZON,Division of Quezon,2,,1,,,112,,10,13,,10,1,353,190,,,13,466,,11,2,,,,,,8,1,1,,,1,,,,,,,,2,,,,,,,1,,2,,,,,,,,,,,,,1,,11,,,,,,,,,,,,,,,,11,12,,,1,,,,,,,,,2,,,,,1,4,,18,,,,,,230,54,230,9,,10,,,,,,,,,1,,,,,,,,,,,,1,,,1,,1,,,730,304,,,,,,,1,,,,67,,,,,,,,1,,30,2,,,,,,56,,24,,,,,,,5,1,1,381,83,42,30,1,,,,,33,6,,,1,,,,,4,,,91,14,11,,,,,,,24,,,,,,,,,,,,6368,5294,4280,,,2,,,,,1,,,,1,
Region IVA - CALABARZON,Division of Rizal,1,,1,,,30,1,1,2,,9,1,160,100,,,1,183,,4,2,,,,,,18,,1,,,1,,,,,,,,2,,,,,,,,,,,,,,,,,,,,,,5,,8,,,,,,,,,,,,,,,,8,11,,,1,,,,,,,,,,,,,,,11,2,1,,,,,,121,73,59,11,,6,,,,,,,,,1,,,,,,,,,,,,1,,,1,,,,,740,268,,,,,,,1,,,,39,,,,,,,,1,,22,2,,,,,,32,,20,,,,,,,1,,,138,54,28,25,1,,,,,8,,,,,,,,,4,,,83,10,12,,,,,,,62,,,,,,,,,,,,8087,2619,3150,,,,,,,,,,,,,
Region IVA - CALABARZON,Division of San Pablo City,,,1,,,20,1,,1,,8,1,32,35,,,,46,,6,2,,,,,,,,1,,,1,,,,,,,,2,,,,,,,,,,,,,,,,,,,,,,1,,2,,,,,,,,,,,,,,,,5,10,,,1,,,,,,,,,,,,,,,,,5,,,,,,17,6,18,1,,3,,,,,,,,,1,,,,,,,,,,,,,,,1,,,,,121,41,,,,,,,1,,,,7,,,,,,,,1,,8,2,,,,,,10,,2,,,,,,,,,,42,22,4,5,1,,,,,2,,,,,,,,,4,,,4,7,11,,,,,,1,23,,,,,,,,,,,,517,444,948,,,,,,,,,,,,,
Region IVA - CALABARZON,Division of San Pedro City,1,,1,,,5,,1,2,,8,1,6,14,,,2,22,,5,2,,,,,,1,,,,,1,,,,,,,,2,,,,,,,,,,,,,,,,,,,,,,,,2,,,,,,,,,,,,,,,,5,11,,,1,,,,,,,,,,,,,,,,1,3,,,,,,3,2,12,3,,6,,,,,,,,,1,,,,,,,,,,,,,,,1,,,,,106,51,,,,,,,1,,,,6,,,,,,,,1,,3,2,,,,,,11,,,,,,,,,1,,,11,2,,2,,,,,,3,,,,,,,,,4,,,5,2,,,,,,,,2,,,,,,,,,,,,826,358,417,,,,,,,,,,,,,
Region IVA - CALABARZON,Division of Sta. Rosa City,,,1,,,2,,,1,,8,1,27,25,,,,22,,4,2,,,,,,3,,,,,1,,,,,,,,2,,,,,,,,,,,,,,,,,,,,,,,,2,,,,,,,,,,,,,,,,5,11,,,1,,,,,,,,,,,,,,1,,3,1,,,,,,11,6,4,4,,,,,,,,,,,1,,,,,,,,,,,,,,,1,,,,,130,48,,,,,,,1,,,,7,,,,,,,,1,,6,2,,,,,,10,,3,,,,,,,,,,7,8,5,7,1,,,,,,,,,,,,,,4,,,7,3,2,,,,,,,5,,,,,,,,,,,,1021,385,455,,,,,,,,,,,,,
Region IVA - CALABARZON,Division of Sto. Tomas City,,,1,,,4,,,1,,1,8,13,18,,,,15,,4,2,,,,,,,,1,,,1,,,,,,,,2,,,,,,,,,,,,,,,,,,,,,,,,2,,,,,,,,,,,,,,,,5,11,,,1,,,,,,,,,,,,,,,1,,,,,,,,14,9,8,,,,,,,,,,,,1,,,,,,,,,,,,,,,1,,,,,57,32,,,,,,,1,,,,5,,,,,,,,1,,4,2,,,,,,10,,1,,,,,,,,,,6,4,3,3,,,,,,,,,,,,,,,2,,,12,1,,,,,,,,6,,,,,,,,,,,,374,175,399,,,,,,,,,,,,,
Region IVA - CALABARZON,Division of Tanauan City,1,,1,,,8,,1,3,,8,1,27,29,,,2,36,,4,2,,,,,,,,1,,,1,,,,,,,,2,,,,,,,,,,,,,,,,,,,,,,,,2,,,,,,,,,,,,,,,,5,11,,,1,,,,,,,,,2,,,,,,1,2,1,,,,,,15,2,16,,,1,,,,,,,,,1,,,,,,,,,,,,,,,1,,,,,77,37,,,,,,,1,,,,8,,,,,,,,1,,6,2,,,,,,9,,2,,,,,,,1,,,22,8,6,1,1,,,,,3,,,,,,,,,4,,,9,3,3,,,,,,,3,,,,,,,,,,,,272,256,772,,,,,,,,,,1,,,
Region IVA - CALABARZON,Division of Tayabas City,,,1,,,9,,1,5,,5,1,8,17,,,2,21,,5,2,,,,,1,2,,1,,,,,,,,,,,2,,,,,,,,,,,,,,,,,,,,,,,,1,,,,,,,,,,,,,,,,3,11,,,,,,,,,,,,,,,,,,1,,2,,,,,,1,,9,7,,,,,,,,,,,1,,,,,,,,,,,,,,,1,,,,,59,14,,,,,,,,,,,4,,,,,,,,1,,5,2,,,,,,,,1,,,,,,,,,1,8,9,1,2,1,,,,,3,1,,,,,,,,2,,,20,2,,,,,,,,7,,,,,,,,,,,,191,264,264,,,,,,,,,,,,,
Region III - Central Luzon,Division of Angeles City,,,1,,,17,2,5,6,,9,1,31,28,,,1,45,2,5,2,,,,,,9,,,,,1,,,,,,,,2,,,,,,,,,,,,,,,,,,,,,,,,1,,,,,,,,,,,,,,,,5,11,,,1,,,,,,,,,,,,,,,1,,1,,,,,,7,3,31,1,,13,,,,,,,,,1,,,,,,,,,,,,,,,1,,,,,208,67,,,,,,,1,,,,9,,,,,,,,1,,7,2,,,,,,10,,5,,,,,,,1,,,21,19,7,7,1,,,,,3,,,,,,,,,4,,,13,,3,,,,,,,12,,,,,,,,,,,,900,375,1417,,,,,,,,,,,,2,
Region III - Central Luzon,Division of Aurora,1,,1,,,28,2,2,2,,9,,60,49,,,3,97,,4,2,,,,,,,,,,,1,,,,,,,,2,,,,,,,,,,,,,,,,,,,,,,,,2,,,,,,,,,,1,,,,,,4,11,,,1,,,,,,,,,3,,,,,,,2,1,,,,,,26,1,34,1,,,,,,,,,,,1,,,,,,,,,,,,,,,1,,,,,100,47,,,,,,,1,,,,36,,,,,,,,1,,9,2,,,,,,10,,1,,,,,,,1,,,25,23,15,6,1,,,,,6,,,,,,,,,4,,,15,2,4,,,,,,,7,,,,,,,,,,,,631,433,1224,,,,,,,,,,,,2,
Region III - Central Luzon,Division of Balanga City,1,,1,,,8,,,6,,6,1,11,17,,,2,15,1,5,2,,,,,,3,,1,,,,,,,,,,,2,,,,,,,,,,,,,,,,2,,,,,,,,1,,,,,,,,,,,,,,,,3,11,,,,,,,,,,,,,,,,,1,,,3,,,,1,,1,2,11,,,6,,,,,,,,,1,,,,,,,,,,,,,,,1,,,,,57,24,,,,,,,1,,,,4,,,,,,,,1,,4,2,,,,,,,,2,,,,,,,1,,1,4,6,2,7,1,,,,,1,,,,,,,,,2,,,5,3,,,,,,,,12,,,,,,,,,,,,257,232,360,,,,,,,,,,,,4,
Region III - Central Luzon,Division of Baliwag City,,,,,,5,,,1,,8,,4,11,,,,12,,4,2,,,,,,,,,,,1,,,,,,,,2,,,,,,,,,,,,,,,,,,,,,,,,1,,,,,,,,,,,,,,,,4,8,,,1,,,,,,,,,,,,,,,,,,,,,,,1,,1,,,,,,,,,,,,,,,,,,,,,,,,,,,1,,,,,34,18,,,,,,,,,,,5,,,,,,,,1,,2,2,,,,,,9,,,,,,,,,,,,4,4,2,,,,,,,,,,,,,,,,3,,,3,,,,,,,,,3,,,,,,,,,,,,199,105,252,,,,,,,,,,,,,
Region III - Central Luzon,Division of Bataan,1,,2,,,51,,10,3,,10,1,80,54,,,7,150,,7,5,,,,,,13,,1,,,1,,,,,,1,,2,,,,,,,,,,,,,,,,,,,,,,3,,2,,,,,,1,,,,,1,1,,,,5,11,,,1,,,,,,,,,3,,,,,,8,22,6,,,,,,6,5,159,,,3,,,,,,,,,1,,,,,,,,,,,,,,,1,,,,1,330,127,,,,,,,1,,,1,15,,,,,,,,1,,13,3,1,,,,,10,,15,,,,,,,,,,57,46,29,14,1,,,,,15,,,,,,,,,4,,,49,2,2,,,,,,,48,,,,,,,,,,,,1590,1215,2135,,,,,,,,,,,,2,
Region III - Central Luzon,Division of Bulacan,,,1,,,89,1,9,10,,8,1,201,117,,,15,362,,8,2,,,,,,25,,2,,,1,,,,,,,,2,,,,,,,,,,,,,,,,,,,,,,7,,6,,,,,,,,,,,,,,,,6,11,,,1,,,,,,,,,3,,,3,,2,11,7,5,,,,,,79,31,213,3,4,40,,,1,,,,,,1,,,,,,,,,,,,1,,1,1,,,,,787,401,,,,,,,1,,,,46,,,,,,,,1,,33,2,,,,,,32,,27,,,,,,1,,,4,134,80,66,57,1,,,,,23,1,,,,,,,,4,,,65,3,4,,,,,,,100,,,,,,,,,,,,6511,2244,5811,,,,,,,,,,,,2,
Region III - Central Luzon,Division of Cabanatuan City,,,1,,,14,1,,1,,8,1,25,28,,,,52,,4,2,,,,,,,,,,,1,,,,,,,,2,,,,,,,,,,,,,,,,,,,,,,,,2,,,,,,,,,,2,,,,,,5,11,,,1,,,,,,,,,,,,,,,,,,,,,,,9,1,31,,,,,,,,,,,,1,,,,,,,,,,,,,,,1,,,,,110,50,,,,,,,1,,,1,7,,,,,,,,1,,6,2,,,,,,10,,5,,,,,,,,,,24,16,8,5,1,,,,,2,,,,,,,,,4,,,3,5,7,,,,,,,9,,,,,,,,,,,,476,334,1018,,,,,,,,,,,,,
Region III - Central Luzon,Division of Gapan City,1,,1,,,11,,1,4,,5,1,20,22,,,2,28,,4,2,,,,,,2,,1,,,,,,,,,,,2,,,,,,,,,,,,,,,,,,,,,,,,1,,,,,,,,,,,,,,,,3,11,,,,,,,,,,,,,,,,,2,,,2,,,,,,12,,19,1,,5,,,,,,,,,1,,,,,,,,,,,,,,1,1,,,,,85,29,,,,,,,1,,,,4,,,,,,,,1,,3,2,,,,,,,,1,,,,,,,,,1,1,7,15,10,1,,,,,3,,,,,,,,,2,,,10,,,,,,,,,2,,,,,,,,,,,,199,148,651,,,,,,,,,,,,,
Region III - Central Luzon,Division of Mabalacat City,,,1,,,2,,,1,,6,1,26,29,,,,36,,4,2,,,,,,,,1,,,,,,,,,,,2,,,,,,,,,,,,,,,,,,,,,,,,1,,,,,,,,,,,,,,,,3,11,,,,,,,,,,,,,,,,,,1,,,,,,,,31,13,30,,,,,,,,,,,,1,,,,,,,,,,,,,,,1,,,,,118,36,,,,,,,1,,,,4,,,,,,,,1,,6,2,,,,,,,,4,,,,,,,,,,5,12,8,10,1,,,,,,,,,,,,,,2,,,13,1,4,,,,,,,3,,,,,,,,,,,,583,244,797,,,,,,,,,,,,,
Region III - Central Luzon,Division of Malolos City,,,1,,,8,1,6,2,,8,1,21,28,,,3,47,,5,2,,,,,,3,,1,,,1,,,,,,,,2,,,,,,,,,,,,,,,,,,,,,,,,2,,,,,,,,,,,,,,,,4,11,,,1,,,,,,,,,3,1,,,,,,,1,,,,,,10,2,20,,,10,,,,,,,,,1,,,,,,,,,,,,,,,1,,,1,,130,40,,,,,,,1,,,,9,,,,,,,,1,,8,2,,,,,,10,,2,,,,,,,,,1,4,9,6,12,1,,,,,8,1,,,,,,,,4,,,8,,2,,,,,,,25,,,,,,,,,,,,607,226,674,,,,,,,,,,,,,
Region III - Central Luzon,Division of Meycauayan City,,,1,,,5,,,1,,4,1,10,17,,,,27,,4,1,,,,,,3,,1,,,,,,,,,,,2,,,,,,,,,,,,,,,,,,,,,,,,1,,,,,,,,,,,,,,,,2,10,,,,,,,,,,,,,,,,,,,,,,,,,,2,,5,1,2,2,,,,,,,,,1,,,,,,,,,,,,,,1,1,,,,,74,26,,,,,,,1,,,,3,,,,,,,,1,,4,2,,,,,,,,1,,,,,,,,,,9,4,4,5,1,,,,,,,,,,,,,,2,,,11,,1,,,,,,,16,,,,,,,,,,,,494,205,326,,,,,,,,,,,,,
Region III - Central Luzon,Division of Muñoz Science City,1,,1,,,5,,5,2,,5,1,11,16,,,2,24,,4,2,,,,,,3,,1,,,,,,,,,,,2,,,,,,,,,,,,,,,,,,,,,,,,1,,,,,,,,,,,,,,,,3,11,,,,,,,,,,,,,,,,,,1,,2,,,,,,5,,7,,,5,,,,,,,,,1,,,,,,,,,,,,,,,1,,,,,46,26,,,,,,,1,,,,4,,,,,,,,1,,4,2,,,,,,,,1,,,,,,,,,,10,6,5,8,1,,,,,6,1,,,,,,,,2,,,2,,,,,,,,,5,,,,,,,,,,,,96,84,559,,,,,,,,,,,,,
Region III - Central Luzon,Division of Nueva Ecija,6,,1,,,115,,30,18,,13,1,247,148,,,23,435,,10,1,,,,,,28,,2,,,1,,,,,,,,2,,,,,,,,,,,,,,,,,,,,,,4,,8,,,,,,,,,,2,,,,,,8,12,,,1,,,,,,,,,,,,,4,15,5,2,7,,,,,,34,2,406,5,5,33,,,,,,,,,1,,,,,,,,,,,,1,,1,1,,,,,876,352,,,,,,,2,,,2,44,,,,,,,,1,,37,2,,,,,,33,,19,,,,,,,2,,2,194,124,87,79,1,,,,,31,1,,,,,,,,4,,,31,14,6,,,,,,,21,,,,,,,,,,,,3070,2047,6826,,,,,,,,2,,,,4,
Region III - Central Luzon,Division of Olongapo City,,,1,,,25,1,9,9,,7,,26,25,,,1,32,2,5,2,,,,,,2,,1,,,1,,,,,,,,2,,,,,,,,,,,,,,,,,,,,,,,,3,,,,,,,,,,,,,,,,5,11,,,1,,,,,,,,,,,,,,1,3,1,3,,,,,,5,,26,,1,9,,,,,,,,,1,,,,,,,,,,,,,,,1,,,,,134,67,,,,,,,2,,,,8,,,,,,,,1,,5,2,,,,,,10,,2,,,,,,,,1,1,3,14,4,16,,,,,,2,6,,,,,,,,4,,,16,8,9,,,,,,,5,,,,,,,,,,,,836,357,440,,,,,,,,,,,,,
Region III - Central Luzon,Division of Pampanga,,,1,,,117,2,6,11,,8,1,220,132,,,1,368,,6,2,,,,,,12,,2,,,1,,,,,,,,2,,,,,,,,,,,,,,,,,,,,,,6,,7,,,,,,,,,,3,,,,,,8,10,,,1,,,,,,,,,2,,,,,,6,2,4,,,,,,93,28,291,3,,4,,,1,,,,,,1,,,,,,,,,,,,1,,1,1,,,,,811,334,,,,,,,1,,,,42,,,,,,,,1,,29,2,,,,,,33,,26,,,,,,,2,,1,144,115,77,70,1,,,,,3,,,,,,,,,4,,,30,1,3,,,,,,,50,,,,,,,,,,,,3486,2453,5646,,,,,,,,1,,,,3,
Region III - Central Luzon,Division of San Jose City,,,1,,,8,,5,2,,5,1,12,18,,,2,34,1,5,2,,,,,,3,,1,,,,,,,,,,,2,,,,,,,,,,,,,,,,,,,,,,,,1,,,,,,,,,,,,,,,,3,11,,,,,,,,,,,,,,,,,,1,,2,,,,,,4,1,13,,,6,,,,,,,,,1,,,,,,,,,,,,,,,1,,,,,65,26,,,,,,,1,,,1,3,,,,,,,,1,,6,2,,,,,,,,1,,,,,,,1,,,22,12,2,6,1,,,,,2,1,,,,,,,,2,,,4,4,1,,,,,,,2,,,,,,,,,,,,186,122,768,,,,,,,,,,,,,
Region III - Central Luzon,Division of San Jose del Monte City,2,,1,,,16,,4,3,,5,,39,29,,,4,44,,6,2,,,,,,4,,1,,,1,,,,,,,,2,,,,,,,,,,,,,,,,,,,,,,,,2,,,,,,,,,,,,,,,,5,11,,,1,,,,,,,,,,,,1,,,2,,,,,,,,12,9,37,2,5,3,,,,,,,,,1,,,,,,,,,,,,,,,1,1,,,,174,77,,,,,,,1,,,,11,,,,,,,,1,,9,2,,,,,,10,,9,,,,,,,3,,,19,9,8,9,,,,,,5,1,,,,,,,,4,,,19,1,,,,,,,,52,,,,,,,,,,,,1853,663,1247,,,,,,,,,,,,5,
Region III - Central Luzon,Division of Tarlac,2,,1,,,83,,27,8,,9,1,115,100,,,5,327,,6,2,,,,,,3,,2,,,1,,,,,,,,2,,,,,,,,,,,,,,,,,,,,,,1,,6,,,,,,,,,,2,,,,,,8,11,,,1,,,,,,,,,,,,1,,1,1,5,,,,,,,94,6,183,,,47,,,,,,,,,1,,,,,,,,,,,,1,,,1,,,,,571,257,,,,,,,1,,,,40,,,,,,,,1,,24,2,,,,,,33,,18,,,,,,,1,1,1,117,118,46,22,1,,,,,15,3,,,,,,,,2,,,27,,2,,,,,,,33,,,,,,,,,,,,2403,1302,4846,,,,,,,,,,,,10,
Region III - Central Luzon,Division of Tarlac City,,,1,,,12,,1,1,,8,1,32,32,,,,70,,4,2,,,,,,3,,1,,,1,,,,,,,,2,,,,,,,,,,,,,,,,,,,,,,,,2,,,,,,,,,,,,,,,,5,10,,,1,,,,,,,,,,,,,,,1,1,1,,,,,,24,1,39,1,,1,,,,,,,,,1,,,,,,,,,,,,,,,1,,,,,111,63,,,,,,,1,,,,7,,,,,,,,1,,12,2,,,,,,10,,4,,,,,,,,,,27,18,8,19,1,,,,,1,,,,,,,,,4,,,4,,1,,,,,,,14,,,,,,,,,,,,585,238,1315,,,,,,,,,,,,,
Region III - Central Luzon,Division of Zambales,3,,1,,,42,2,4,8,,6,1,107,72,,,7,174,2,8,2,,,,,,,,1,,,1,,,,,,,,2,,,,,,,,,,,,,,,,,,,,,,1,,3,,,,,,,,,,1,,,,,,5,11,,,1,,,,,,,,,2,,,,,,3,,,,,,,,17,11,124,,1,1,,,,,,,,,1,,,,,,,,,,,,,,,1,,,,,259,119,,,,,,,1,,,,13,,,,,,,,1,,17,2,,,,,,10,,6,,,,,,,,2,2,55,59,27,29,1,,,,,9,1,,,,,,,1,2,,,28,1,4,,,,,,,20,,,,,,,,,,,,2705,944,1556,,,,,,,,,,,,5,
Region II - Cagayan Valley,Division of Batanes,2,,,,,11,,4,4,,6,1,23,20,,,6,15,,5,2,,,,,,,,1,,,,,,,,,,,2,,,,,,,,,,,,1,,,,,,,,,,1,,,,,,,,,,,,,,,,,,2,11,,,,,,,,,,,,5,,,,,,,,2,,,,,,4,1,8,,,,,,,,,,,,1,,,,,,,,,,,,,,,1,1,,,,25,12,,,,,,,,,,,11,,,,,,,,1,,2,2,,,,,,,,,,,,,,,,1,1,16,2,,,1,,,,,6,1,,,,,,,,2,,,3,,,,,,,,,8,,,,,,,,,,,,106,94,173,,,,,,,,,,,,9,
Region II - Cagayan Valley,Division of Cagayan,14,,1,,,100,6,33,19,,16,1,173,137,,,29,442,,12,2,,,,,,,,2,,,1,,,,,,,,2,,,,,,,,,,,,,,,,,,,,,,2,,10,,,,,,,,,,2,,,,,,7,11,,,1,,,,,,,,,7,,,,,,4,7,15,,,,,,68,1,209,,13,6,,,1,,,,,,1,,,,,,,,,,,,1,,1,1,4,,,,579,282,23,,,,,,1,,,,51,,,,,,,,1,,29,2,,,,,,33,,13,,,,,1,,2,2,13,161,164,49,12,1,,,,,57,,,,,,,,3,4,,,21,,,,,,,,,39,,,,,,,,,,,,1877,949,7189,,,,,,,,,,,,12,
Region II - Cagayan Valley,Division of Cauayan City,,,1,,,4,,,2,,5,1,27,25,,,,34,,4,2,,,,,,3,,1,,,,,,,,,,,2,,,,,,,,,,,,,,,,,,,,,,,,1,,,,,,,,,,,,,,,,3,11,,,,,,,,,,,,,,,,,,1,,1,,,,,,8,,23,,,1,,,,,,,,,1,,,,,,,,,,,,,,,1,,,,,64,33,3,,,,,,1,,,,2,,,,,,,,1,,7,2,,,,,,,,1,,,,,,,,,,11,12,5,8,1,,,,,,,,,,,,,,2,,,11,,1,,,,,,,4,,,,,,,,,,,,167,67,1003,,,,,,,,,,,,,
Region II - Cagayan Valley,Division of Ilagan City,,,1,,,10,,6,5,,5,1,32,32,,,2,51,,5,2,,,,,,6,,,,,,,,,,,,,2,,,,,,,,,1,,,,,,,,,,,,,,,1,,,,,,,,,,,,,,,,3,11,,,,,,,,,,,,,,,,,1,,,2,,,,,,21,,30,,9,1,,,,,,,,,1,,,,,,,,,,,,,,1,1,,,,,80,39,,,,,,,1,,,,3,,,,,,,,1,,7,2,,,,,,,,2,,,,,,,1,,,11,14,7,5,1,,,,,4,1,,,,,,,,2,,,12,,,,,,,,,4,,,,,,,,,,,,220,104,1046,,,,,,,,,,,,1,
Region II - Cagayan Valley,Division of Isabela,6,,1,,,72,,13,13,,12,1,229,172,,,22,475,,12,2,,,,,,6,,1,,,1,,,,,,,,2,,,,,,,,,,,,,,,,,,,,,,8,,7,,,,,,,,,,,,,,,,8,10,,,1,,,,,,,,,1,,,,,,6,1,12,,,,,,86,5,244,1,9,,,,,,,,,,1,,,,,,,,,,,,1,,,1,2,,1,,639,306,2,,,,,,1,,,1,56,,,,,,,,1,,31,2,,,,,,33,,13,,,,,,,7,1,4,164,158,30,19,1,,,,,34,,,,,,,,,4,,,23,,,,,,,,,46,,,,,,,,,,,,1975,815,8210,,,1,,,,,,,,,7,
Region II - Cagayan Valley,Division of Nueva Vizcaya,5,,1,,,31,1,4,5,,10,1,94,70,,,13,236,,7,2,,,,,,5,,1,,,1,,,,,,,,2,,,,,,,,,,,,,,,,,,,,,,4,,2,,,,,,,,,,1,,,,,,4,11,,,1,,,,,,,,,,,,,,1,2,,6,,,,,,30,5,109,,13,,,,,,,,,,1,,,,,,,,,,,,,,3,1,,,,,192,108,,,,,,,1,,,,24,,,,,,,,1,,11,2,,,,,,10,,3,,,,,,,4,2,3,67,36,16,19,1,,,,,39,,,,,,,,1,3,,,33,11,4,,,,,,,8,,,,,,,,,,,,877,460,3018,,,,,,,,,,,,,
Region II - Cagayan Valley,Division of Quirino,4,,1,,,13,,4,3,,8,1,49,45,,,4,121,,5,2,,,,,,3,,1,,,1,,,,,,,,2,,,,,,,,,,,,,,,,,,,,,,,,2,,,,,,,,,,,,,,,,5,11,,,1,,,,,,,,,,,,,,,3,1,4,,,,,,32,2,41,2,,,,,,,,,,,1,,,,,,,,,,,,,,,1,,,,,98,40,6,,,,,,1,,,,14,,,,,,,,1,,5,2,,,,,,9,,4,,,,,,,3,,1,25,27,13,7,1,,,,,17,,,,,,,,,4,,,17,,6,,,,,,,8,,,,,,,,,,,,470,171,1561,,,,,,,,,,,,,
Region II - Cagayan Valley,Division of Santiago City,1,,1,,,6,,1,4,,5,1,19,21,,,2,29,,5,2,,,,,,3,,1,,,,,,,,,,,2,,,,,,,,,,,,,,,,,,,,,,,,1,,,,,,,,,,,,,,,,3,10,,,,,,,,,,,,,,,,,,,,2,,,,,,4,,15,1,1,,,,,,,,,,1,,,,,,,,,,,,,,,1,,,,,55,27,2,,,,,,1,,,,5,,,,,,,,1,,5,2,,,,,,,,2,,,,,,,1,,1,11,5,3,4,1,,,,,3,,,,,,,,,2,,,11,3,,,,,,,,7,,,,,,,,,,,,249,86,709,,,,,,,,,,,,,
Region II - Cagayan Valley,Division of Tuguegarao City,1,,1,,,16,,5,3,,8,1,20,22,,,2,30,,5,2,,,,,,2,,1,,,1,,,,,,,,2,,,,,,,,,,,,,,,,,,,,,,,1,1,,,,,,,,,,1,,,,,,4,11,,,1,,,,,,,,,,,,,,1,,,10,,,,,,1,,3,,,8,,,,,,,,,1,,,,,,,,,,,,,,,1,,,,,127,43,7,,,,,,1,,,,4,,,,,,,,1,,4,2,,,,,,10,,1,,,,,,,1,,1,7,10,7,6,1,,,,,3,1,,,,,,,1,4,,,26,,,,,,,,,19,,,,,,,,,,,,206,99,808,,,,,,1,,,,,,,
Region I - Ilocos,Division of Alaminos City,1,,1,,,6,,1,5,,6,1,21,21,,,2,26,,5,2,,,,,,3,,1,,,,,,,,,,,2,,,,,,,,,1,,,,,,,,,,,,,1,,1,,,,,,,,,,,,,,,,3,11,,,,,,,,,,,,1,,,,,,,,,,,,,,2,2,28,1,,1,,,,,,,,,1,,,,,,,,,,,,,,,1,,,,,61,20,1,,,,,,1,,,,4,,,,,,,,1,,4,2,,,,,,,,1,,,,,,,,,1,9,6,4,3,1,,,,,1,1,,,,,,,,2,,,8,,3,,,,,,,5,,,,,,,,,,,,129,109,584,,,,,,,,,,,,2,
Region I - Ilocos,Division of Batac City,,,1,,,2,,1,1,,5,1,12,16,,,1,19,,4,2,,,,,,,,1,,,,,,,,,,,2,,,,,,,,,,,,,,,,,,,,,,,,,,,,,,,,,,,,,,,,3,11,,,,,,,,,,,,,,,,,,,1,,,,,,,,,10,,,,,,,,,,,,1,,,,,,,,,,,,,,,1,,,,,25,8,,,,,,,1,,,,3,,,,,,,,1,,3,2,,,,,,1,,,,,,,,,1,,,6,5,1,1,1,,,,,2,,,,,,,,,2,,,8,,11,,,,,,,6,,,,,,,,,,,,111,55,225,,,,,,,,,,,,,
Region I - Ilocos,Division of Candon City,1,,1,,,6,,2,3,,5,1,11,15,,,2,26,,5,2,,,,,,3,,1,,,,,,,,,,,2,,,,,,,,,,,,,,,,,,,,,,,,1,,,,,,,,,,,,,,,,3,10,,,,,,,,,,,,,,,,,,,,,,,,,,,2,16,,,1,,,,,,,,,1,,,,,,,,,,,,,,,1,,,,,30,12,,,,,,,1,,,,6,,,,,,,,1,,5,2,,,,,,,,1,,,,,,,1,,,6,6,3,5,1,,,,,2,,,,,,,,,2,,,3,,2,,,,,,,2,,,,,,,,,,,,95,63,372,,,,,,,,,,,,2,
Region I - Ilocos,Division of Dagupan City,,,1,,,12,,2,3,,8,1,23,19,,,2,33,,5,2,,,,,,1,,1,,,1,,,,,,,,2,,,,,,,,,,,,,,,,,,,,,,2,,2,,,,,,,,,,,,,,,,5,10,,,1,,,,,,,,,,,,,,1,1,,,,,,,,3,4,24,,,8,,,,,,,,,1,,,,,,,,,,,,,,,1,,,,,90,47,,,,,,,1,,,,8,,,,,,,,1,,8,2,,,,,,10,,3,,,,,,,,,1,12,4,4,13,1,,,,,8,1,,,,,,,,4,,,6,1,2,,,,,,,11,,,,,,,,,,,,170,210,894,,,,,,,,,,,,,
Region I - Ilocos,Division of Ilocos Norte,4,,1,,,38,3,12,15,,8,1,125,73,,,16,194,,8,2,,,,,,1,,1,,,1,,,,,,,,2,,,,,,,,,5,,,,,,,,,,,,,,,4,,,,,,,,,,,,,,,,4,11,,,1,,,,,,,,,6,,,,,,,,,,,,,,23,2,131,,,1,,,,,,,,,1,,,,,,,,,,,,,,,1,,,,,284,80,10,,,,,,2,,,,30,,,,,,,,1,,12,2,,,,,,10,,4,,,1,,1,,3,,5,82,35,6,12,1,,,,,24,2,,,,,,,,4,,,14,,1,,,,,,,17,,,,,,,,,,,,922,478,2438,,,,,,,,,,,,5,
Region I - Ilocos,Division of Ilocos Sur,3,,1,,,37,2,4,8,,8,1,100,87,,,14,222,,8,2,,,,,,2,,1,,,1,,,,,,,,2,,,,,,,,,4,,,,,,,,,,,,,3,,2,,,,,,,,,,,,,,,,5,11,,,1,,,,,,,,,1,,,,,,,,2,,,,,,40,17,150,,,1,,,,,,,,,1,,,,,,,,,,,,,,,1,,,,,323,145,1,,,,,,1,,,,27,,,,,,,,1,,18,2,,,,,,10,,4,,,,,,,3,1,3,49,56,31,24,1,,,,,16,,,,,,,,,4,,,13,1,15,,,,,,,30,,,,,,,,,,,,731,646,3351,,,,,,,,,,,,2,
Region I - Ilocos,Division of La Union,2,,1,,,37,,4,4,,8,1,152,98,,,6,196,,7,2,1,,,,,9,,,,,1,,,,,,,,2,,,,,,,,,2,,,,,,,,,,,,,3,,5,,,,,,,,,,,,,,,,5,11,,,1,,,,,,,,,,,,,,1,,,3,,,,,,31,20,204,1,,,,,,,,,,,1,,,,,,,,,,,,,,,1,,,,,372,163,1,,,,,,1,,,,31,,,,,,,,1,,18,2,,,,,,10,,10,,,,,,,,1,1,48,58,44,41,1,,,,,10,1,,,,,,,,4,,,17,3,13,,,,,,,36,,,,,,,,,,,,889,662,4000,,,,,,,,,,,,,
Region I - Ilocos,Division of Laoag City,3,,1,,,23,1,5,10,,7,1,20,22,,,6,25,,6,2,,,,,,6,,1,,,,,,,,,,,2,,,,1,,,,,,,,,,,,,,,,,,1,1,2,,,,,,,,,,,,,,,,3,10,,,,,,,,,,,,4,2,,,,2,,1,1,,,1,,,1,,19,1,,4,,,,,,,,,1,,,,,,,,,,,,,,,1,,,,1,57,30,3,,,,,,2,,,,6,,,,,,,,1,,4,2,,,,,,,,2,,,,,,,1,1,1,12,6,,9,1,,,,,13,2,,,,,,,,2,,,7,,,,,,,,,9,,,,,,,,,,,,202,176,471,,,,,,,,,,,,3,
Region I - Ilocos,Division of Pangasinan I,6,,1,,,116,2,13,22,,13,1,220,119,,,20,386,,11,2,,,,,,17,,2,,,1,,,,,,,,2,,,,,,,,,2,,,,,,,,,,,,,8,2,10,,,,,,,,,,,,,,,,8,10,1,,1,,,,,,,,,9,,,,1,2,,,4,,,,,,40,22,343,,,33,,,,,,,,,1,,,,,,,,,,,,1,,,1,,,,,765,341,,,,,,,2,,,,55,,,,,,,,1,,27,2,,,,,,33,,16,,,,,,,4,1,8,183,92,47,74,1,,,,,31,5,,,,,,,,4,,,19,1,30,,,,,,,72,,,,,,,,,,,,2085,1702,7947,,,,,,1,,,,,,5,
Region I - Ilocos,Division of Pangasinan II,10,,1,,,110,2,12,26,,16,1,221,130,,,18,346,,13,2,1,,,,,26,,2,,,1,,,,,,,,2,,,,,,,,,,,,,,,,,,,,,,9,,12,,,,,,,,,,,,,,,,8,11,,,1,,,,,,,,,9,,,,,1,2,,10,,,,,,54,8,315,,,38,,,,,,,,,1,,,,,,,,,,,,1,,,1,,,,,639,219,70,,,,,,1,,,,54,,,,,,,,1,,27,2,,,,,,33,,18,,,,,,1,4,2,3,54,75,92,80,1,,,,,40,5,,,,,,,,4,,,24,3,109,,,,,,,75,,,,,,,,,,,,1244,1667,6383,,,,,,,,,,,,3,
Region I - Ilocos,Division of San Carlos City,1,,2,,,18,2,3,4,,16,2,66,54,,,3,82,,10,4,,,,,,6,,2,,,2,,,,,,,,4,,,,,,,,,,,,,,,,,,,,,,2,,3,,,,,,,,,,,,,,,,8,22,,,2,,,,,,,,,4,,,,,,,,3,,,,,,9,1,70,,,5,,,,,,,,,2,,,,,,,,,,,,,,,2,,,,,164,64,,,,,,,2,,,,14,,,,,,,,2,,13,4,,,,,,20,,4,,,,,,1,,,1,57,26,10,5,,,,,,4,1,,,,,,,,8,,,13,2,18,,,,,,,11,,,,,,,,,,,,776,560,1607,,,,,,,,,,,,1,
Region I - Ilocos,Division of San Fernando City,1,,2,,,26,1,4,6,,16,2,38,47,,,4,57,,10,3,,,,,,6,,2,,,,,,,,,,,4,,,,,,,,,,,,,,,,,,,,,,1,1,3,,,,,,,,,,,,,,,,7,20,,,1,,,,,,,,,,,,,,3,2,1,3,,,,,,7,6,22,,,18,,,,,,,,,2,,,,,,,,,,,,,,,2,,,,,205,100,,,,,,,2,,,,12,,,,,,,,2,,8,4,,,,,,10,,2,,,,,,,,,2,17,26,9,10,1,,,,,9,1,,,,,,,,6,,,28,2,28,,,,,,,15,,,,,,,,,,,,868,769,1346,,,,,,,,,,,,1,
Region I - Ilocos,Division of Urdaneta City,1,,1,,,10,,2,2,,9,1,31,28,,,2,39,,5,2,,,,,,3,,1,,,1,,,,,,,,2,,,,,,,,,1,,,,,,,,,,,,,,,1,,,,,,,,,,,,,,,,5,10,,,1,,,,,,,,,1,,,,,1,,1,,,,,,,2,,32,,,5,,,,,,,,,1,,,,,,,,,,,,,,,1,,,,,75,34,,,,,,,1,,,,8,,,,,,,,1,,7,1,,,,,,10,,1,,,,,,,,,1,10,13,6,17,1,,,,,5,1,,,,,,,,4,,,5,,6,,,,,,,2,,,,,,,,,,,,220,155,875,,,,,,,,,,,,,
Region I - Ilocos,Division of Vigan City,1,,1,,,11,,1,6,,5,1,12,18,,,2,15,,5,2,,,,,,3,,1,,,,,,,,,,,2,,,,,,,,,1,,,,,,,,,,,,,,,1,,,,,,,,,,,,,,,,3,11,,,,,,,,,,,,,,,,,1,,,2,,,,,,,1,3,,,8,,,,,,,,,1,,,,,,,,,,,,,,,1,,,,,50,25,,,,,,,1,,,1,3,,,,,,,,1,,3,2,,,,,,,,1,,,,,,,,,1,7,6,4,1,1,,,,,3,1,,,,,,,,2,,,5,,,,,,,,,2,,,,,,,,,,,,120,87,393,,,,,,,,,,,,2,
National Capital Region (NCR),Central Office/Staff Bureaus/ROs,29,33,24,1,,38,13,37,61,7,132,152,106,130,37,4,33,121,5,113,123,,,,1,,,,,,1,25,18,2,,,1,43,10,93,1,,,1,,,,,1,,1,15,1,20,1,3,,,,,4,,,,16,7,3,1,8,,22,31,,,1,16,15,,4,104,344,1,4,18,1,1,2,18,17,8,3,1,,,18,,,,,,,,1,,,1,,,,,,,1,2,,,,7,3,1,20,3,3,,,1,4,2,1,1,2,,,19,,17,,1,,,,,,,,,,,,13,1,,,,,,,16,1,,17,1,6,77,41,27,11,1,,,,,,,,,,,,,,,,,,,2,3,3,2,27,1,,1,3,4,8,2,,152,1,,,,,,,1,17,,,,,,16,3,1,41,48,2,,,16,2,,3,1,16,,3,,,,,,,1,1,
National Capital Region (NCR),Division of Caloocan,,,1,,,52,1,11,10,,12,1,63,56,,,,66,2,4,2,,,,,,6,,1,,,1,,,,,,,,2,,,,,,,,,,,,,,,,,,,,,,5,,7,,,,,,,,,,,,,,,,6,10,,,1,,,,,,,,,,,,,,,2,1,1,,,,,,12,4,129,5,1,58,,,,,,,,,1,,,,,,,,,,,,1,,1,1,,,,,555,124,,,,,,,3,,,,11,,,,,,,,1,,9,2,,,,,,33,,5,,,,,,,1,,,23,15,6,36,1,,,,,6,,,,,,,,,4,,,25,7,6,,,,,,,35,,,,,,,,,,,,4050,1795,2734,,,,,,,,,,,,,
National Capital Region (NCR),Division of Las Piñas,,,1,,,11,,,1,,8,1,22,19,,,,33,,3,2,,,,,,6,,1,,,1,,,,,,,,2,,,,,,,,,,,,,,,,,,,,,,,,2,,,,,,,,,,,,,,,,5,11,,,1,,,,,,,,,,,,,,,,,,,,,,,15,10,16,4,1,10,,,,,,,,,1,,,,,,,,,,,,,,,1,,,,,244,119,,,,,,,,,,,6,,,,,,,1,1,,8,2,,,,,,10,,4,,,,,,,,,,14,10,1,8,1,,,,,,,,,,,,,,4,,,9,1,,,,,,,,9,,,,,,,,,,,,1887,735,704,,,,,,,,,,,,,
National Capital Region (NCR),Division of Makati,,,1,,,13,,6,3,,7,1,11,19,,,,19,,5,1,,,,,,5,,,,,1,,,,,,,,2,,,,,,,,,,,,,,,,,,,,,,,,2,,,,,,,,,,,,,,,,5,10,,,1,,,,,,,,,,,,,,1,,,,,,,,,1,2,28,,,3,,,,,,,,,1,,,,,,,,,,,,,,,1,,,,,66,19,,,,,,,,,,,6,,,1,,,,,1,,6,2,,,,,,9,,4,,2,,,,,2,2,,11,7,1,4,1,,,,,1,,,,,,,,,4,,,15,6,5,,,,,,,3,,,,,,,,,,,,501,317,447,,,,,,,,,,,,,
National Capital Region (NCR),Division of Malabon City,,,1,,,5,,4,2,,7,1,37,30,,,,40,,4,2,,,,,,8,,,,,1,,,,,,,,2,,,,,,,,,,,,,,,,,,,,,,,,2,,,,,,,,,,,,,,,,5,11,,,1,,,,,,,,,,,,,,,,,,,,,,,2,,56,,3,10,,,,,,,,,1,,,,,,,,,,,,,,,1,,,,,171,58,,,,,,,,,,,4,,,,,,,,1,,6,2,,,,,,10,,10,,,,,,,,,1,13,9,7,8,1,,,,,,,,,,,,,,4,,,29,,1,,,,,,,4,,,,,,,,,,,,880,563,909,,,,,,,,,,,,,
National Capital Region (NCR),Division of Mandaluyong,,,1,,,25,,3,1,,10,,19,27,,,3,27,,6,2,,,,,,6,,1,,,1,,,,,,,,2,,,,,,,,,,,,,,,,,,,,,,,2,2,,,,,,,,,,,,,,,,5,11,,,1,,,,,,,,,,,,,,1,1,1,,,,,,,1,2,49,2,1,4,,,,,,,,,1,,,,,,,,,,,,,,,,,,,,97,36,,,,,,,,,,,8,,,,,,,,1,,4,1,,,,,1,10,,6,,,,,,,2,,,8,2,5,6,1,,,,,7,1,,,,,,,,3,,2,54,11,38,,,,,,1,9,,,,,,,,,,,,959,480,445,,,,,,,1,,,,,,
National Capital Region (NCR),Division of Manila,,1,1,,1,397,1,34,14,,15,,93,77,,,33,86,,14,1,,,,,,12,,,,,1,,,,,,,,2,,,,,,,,,,,,,,,,,,,,,,,,7,,,,,,,,,,,,,,,,8,11,,,1,,,,,,,,,,,,,,1,,,10,,,,,,2,,69,,,132,,,,,1,,,,1,,,,,,,,,,,,1,,1,2,,,,,830,461,,,,,,,,,,,35,,,,,,,,1,,7,2,,,,,,33,1,12,,,,,,,3,,4,26,12,15,49,1,,,,,47,4,,,,,,,,4,,,144,,,,,,,,,24,,,,,,,,,,,,3194,2950,2917,,,,,,,,,,,,63,
National Capital Region (NCR),Division of Marikina,,,1,,,10,,,5,,7,1,34,30,,,1,26,,4,2,,,,,,12,,,,,1,,,,,,,,2,,,,,,,,,,,,,,,,,,,,,,,,2,,,,,,,,,,,,,,,,4,11,,,1,,,,,,,,,,,,,,,1,,1,,,,,,8,2,48,3,,12,,,,,,,,,1,,,1,1,,,,,,,,,,,1,,,,,172,61,,,,,,,,,,,6,,,,,,,,1,,4,2,,,,,,9,,6,,,,,,,,1,,6,5,2,8,1,,,,,4,,,,,,,,,3,,,13,,8,,,,,,,6,,,,,,,,,,,,1133,758,718,,,,,,,,,,,,,
National Capital Region (NCR),Division of Muntinlupa,,,1,,,2,,1,5,,8,,19,22,,,2,25,,5,2,,,,,,1,,1,,,1,,,,1,,,,2,,,,,,,,,,,,,,,,,,,,,,,,2,,,,,,,,,,,,,,,,5,11,,,1,,,,,,,,,,,,,,,,,,,,,,,8,1,13,1,2,6,,,,,,,,,1,,,,,,,,,,,,,,,1,,,,,169,55,,,,,,,,,,,5,,,,,,,,1,,6,2,,,,,,8,,3,,,,,,,,,1,2,8,3,7,,,,,,1,,,,,,,,,4,,,21,,1,,,,,,,16,,,,,,,,,,,,1141,434,873,,,,,,,,,,,,,
National Capital Region (NCR),Division of Navotas City,,,1,,,2,1,,2,,8,1,25,24,,,,20,,4,2,,,,,,6,,,,,1,,,,,,,,2,,,,,,,,,,,,,,,,,,,,,,,,2,,,,,,,,,,,,,,,,5,11,,,1,,,,,,,,,,,,,,,,1,,,,,,,2,2,37,,,5,,,,,,,,,1,,,,,,,,,,,,,,,1,,,,,112,30,,,,,,,,,,,4,,,,,,,,1,,6,2,,,,,,10,,3,,,,,,,,,,4,7,4,9,1,,,,,,,,,,,,,,4,,,32,2,1,,,,,,,4,,,,,,,,,,,,549,429,618,,,,,,,,,,,,,
National Capital Region (NCR),Division of Parañaque,,,1,,,4,,,2,,4,1,24,22,,,2,35,,5,2,,,,,,1,,1,,,1,,,,,,,,2,,,,,,,,,,,,,,,,,,,,,,,,2,,,,,,,,,,,,,,,,3,11,,,1,,,,,,,,,,,,,,,,,2,,,,,,,,50,1,2,6,,,,,,,,,1,,,,,,,,,,,,,,,1,,,,,215,129,,,,,,,,,,,9,,,,,,,,1,,7,2,,,,,,10,,5,,,,,,,2,,,15,7,5,11,1,,,,,1,,,,,,,,,4,,,17,,12,,,,,,,20,,,,,,,,,,,,1610,872,771,,,,,,,,,,,,,
National Capital Region (NCR),Division of Pasay City,,,,,,51,1,10,12,,10,1,35,24,,,6,29,,7,2,,,,,,12,,,1,,1,,,,,,,,2,,,,,,,,,,,,,,,,,3,,,,,4,,3,,,,,,,,,,,2,,,,,5,11,,,1,,,,,,,,,,,,,1,2,,,,,,,,,,,28,,1,16,,,,4,,,,,1,,,,,,,,,,,,,,,1,,,,,131,110,,,,,,,1,,,,9,,,,,,,,1,,5,2,,,,,1,10,,5,,,,,,,4,,,5,6,5,11,1,,,,,9,3,,,,,,,,4,,1,62,29,39,,,,,,,2,,,,,,,,,,,,748,648,594,,,,,1,,,,,,,1,
National Capital Region (NCR),Division of Pasig City,,,1,,,26,1,3,10,,11,1,50,35,,,1,40,2,6,2,,,,,,11,,1,,,1,,,,1,,,,2,,,1,,,,,,,,,,,,,,,,3,6,,,,2,,,,,,,,,,,,,,,,5,9,,,,,,,,,,,,,,,1,,,,1,1,,,1,1,,3,,46,1,3,32,,,,,,,,,1,,,,,,,,,,,,,,,1,1,,,,280,149,,,,,,,,,,,15,,,,,,,,1,,4,2,,,,,,10,,9,,,,,,,1,,,6,11,7,20,1,,,,,2,,,,,,,,,3,,,28,1,2,,,,,,,20,,,,,,,,,2,,,1973,1215,1061,,,,,,,,,,,,2,
National Capital Region (NCR),Division of Quezon City,,,1,,,110,2,25,8,,15,1,140,82,,,19,114,,13,2,,,,,,20,,2,,,1,,,,,,,,1,,,,1,,,,1,,,,,,,,,2,,,,,11,,7,,,,,,,,,,,,,,1,,9,11,,,1,,,,,,,,,,,,,,,4,5,8,,,,,,2,6,180,6,10,92,,,,3,,,,,1,,,,,,,,,,,,1,,,1,,,,,882,425,,,,,,,3,,,,20,,3,,,,,,1,,8,1,,,,,,29,,19,,,,,,,7,,1,18,42,25,54,1,,,,,24,,,,,,,,,4,,,105,26,40,,,,,,,44,,,,,,,,,1,,,5240,3230,4963,,,,,,,,,,,,3,
National Capital Region (NCR),Division of San Juan City,,,1,,,11,,2,1,,5,,3,15,,,1,12,,3,2,,,,,,3,,,,,,,,,,,,,2,,,,,,,,,,,,,,,,,,,,,,,,1,,,,,,,,,,,,,,,,3,10,,,,,,,,,,,,,,,,,,,,1,,,,,,,,7,,,1,,,,,,,,,1,,,,,,,,,,,,,,,1,,,,,28,20,,,,,,,1,,,,2,,,,,,,,1,,3,2,,,,,,,,,,,,,,,1,,,2,1,2,4,1,,,,,2,,,,,,,,,1,,,8,,2,,,,,,,2,,,,,,,,,,,,109,141,158,,,,,,,,,,,,2,
National Capital Region (NCR),Division of Taguig and Pateros,,,1,,,20,1,6,1,,7,1,40,26,,,2,50,,5,2,,,,,,5,,1,,,1,,,,,,,,2,,,,,,,,,,,,,,,,,,,,,,1,,2,,,,,,,,,,1,,,,,,5,11,,,1,,,,,,,,,,,,,,1,,1,1,,,,,,12,7,51,4,1,24,,,,,,,,,1,,,,,,,,,,,,,,,1,,,,,370,131,,,,,,,,,,,13,,,,,,,,1,,7,2,,,,,,9,,11,1,,,,,,1,,,13,16,8,19,1,,,,,1,,,,,,,,,4,,,27,3,12,,,,,,,27,,,,,,,,,,,,2826,1585,1679,,,,,,,,,,,,,
National Capital Region (NCR),Division of Valenzuela,,,1,,,2,,1,1,,8,1,44,35,,,,56,,4,2,,,,,,4,,1,,,1,,,,,,,,2,,,,,,,,,,,,,,,,,,,,,,,,2,,,,,,,,,,,,,,,,5,11,,,1,,,,,,,,,,,,,,,1,2,2,,,,,,1,1,131,1,,22,,,,,,,,,1,,,,,,,,,,,,,,,1,,,,,361,128,,,,,,,,,,,8,,,,,,,,1,,7,2,,,,,,10,,3,,,,,,,,,,15,21,9,25,1,,,,,,,,,,,,,,4,,,41,9,19,,,,,,,16,,,,,,,,,,,,1440,1028,1526,,,,,,,,,,,,,
Cordillera Administrative Region (CAR),Division of Abra,,,1,,,36,1,7,6,,8,1,75,74,,,10,172,2,7,2,2,,,,,,,1,,,1,,,,,,,,2,,,,,,,,,,,,,,,,,,,,,,1,,2,,,,,,,,,,,,,,,,5,10,1,,1,,,,,,,,,1,,,,,,,1,1,,,,,,24,21,49,,,4,,,,,,,,,1,,,,,,,,,,,,,,,1,,,,,146,87,2,,,,,,1,,,,41,,,,,,,,1,,9,2,,,,,,10,,1,,,,,,,2,,2,57,26,13,1,1,,,,,16,1,,,,,,,,3,,,2,,1,,,,,,,4,,,,,,,,,,,,545,331,1628,,,,,,,,,,,,1,
Cordillera Administrative Region (CAR),Division of Apayao,,,1,,,6,,2,1,,7,1,44,47,,,4,113,,4,2,,,,,,,,1,,,1,,,,,,,,2,,,,,,,,,,,,,,,,,,,,,,,,2,,,,,,,,,,,,,,,,5,11,,,1,,,,,,,,,2,,,,,,,,1,,,,,,19,2,33,,,1,,,,,,,,,1,,,,,,,,,,,,,,,1,,,,,97,26,1,,,,,,1,,,,17,,,,,,,,1,,8,2,,,,,,10,,,,,,,,,,,,32,12,4,,1,,,,,7,,,,,,,,,4,,,4,,,,,,,,,3,,,,,,,,,,,,431,192,859,,,,,,,,,,,,,
Cordillera Administrative Region (CAR),Division of Baguio City,,,1,,,23,,4,6,,9,1,27,28,,,4,47,3,6,2,,,,,,3,,1,,,1,,,,,,,,2,,,,,,,,,,,,,,,,,,,,,,3,1,2,,,,,,,,,,,,,,,,5,11,,,1,,,,,,,,,,,,,,,,1,7,,,,,,19,1,11,,,17,,,,,,,,,1,,,,,,,,,,,,,,,1,,,,,175,96,,,,,,,2,,,,9,,,,,,,,1,,11,2,,,,,,10,,1,,,,,,,,1,1,28,14,5,4,1,,,,,5,,,,,,,,,4,,,6,7,21,,,,,,,12,,,,,,,,,,,,415,291,1326,,,,,,,,,,,,3,
Cordillera Administrative Region (CAR),Division of Benguet,1,,1,,,33,2,9,13,,13,1,81,64,,,11,246,1,10,2,,,,,,3,,,,,1,,,,,,,,2,,,,,,,,,,,,,,,,,,,,,,,,3,,,,,,,,,,,,,,,,4,11,,,1,,,,,,,,,3,,,,,,,2,7,,,,,,33,9,81,6,3,3,,,,,,,,,1,,,1,,,,,,,,,,,,1,,,,,251,111,2,,,,,,1,,,,43,,,,,,,,1,,17,2,,,,,,10,,3,,,,,,,3,,4,109,32,7,4,1,,,,,18,2,,,,,,,,4,,,27,2,8,,,,,,,21,,,,,,,,,,,,1016,594,2314,,,,,,,,,,,,8,
Cordillera Administrative Region (CAR),Division of Ifugao,,,1,,,59,,6,3,,6,1,58,58,,,7,158,,4,2,,,,,,3,,1,,,1,,,,,,,,2,,,,,,,,,,,,,,,,,,,,,,1,,2,,,,,,,,,,,,,,,,5,11,,,1,,,,,,,,,,,,,,,,,1,,,,,,17,2,53,1,,,,,,,,,,,1,,,,,,,,,,,,,,1,1,,,,,119,57,3,,,,,,1,,,,27,,,,,,,,1,,11,2,,,,,,10,,3,,,,,,,3,2,,76,21,4,,,,,,,26,,,,,,,,,4,,,7,1,6,,,,,,,2,,,,,,,,,,,,441,287,1356,,,,,,,,,,,,,
Cordillera Administrative Region (CAR),Division of Kalinga,1,,1,,,13,,6,3,,8,,32,41,,,5,97,,5,2,,,,,,,,1,,,1,,,,,,,,2,,,,,,,1,1,,,,,,,,,,,,,,,,3,,,,,,,,,,,,,,,,5,10,,,1,,,,,,,,,,,,,,,,,2,,,,,,27,,36,,1,2,,,,,,,,,1,,,,,,,,,,,,,,,1,,,,,84,53,3,,,,,,1,,,,20,,,,,,,,1,,9,2,,,,,,10,,,,,,,,,,,3,43,15,1,,1,,,,,10,,,,,,,,,4,,,3,,,,,,,,,,,,,,,,,,,,,286,162,927,,,,,,,,,,,,5,
Cordillera Administrative Region (CAR),Division of Mt. Province,,,1,,,23,1,10,7,,8,1,57,61,,,8,105,,8,1,,,,,,,,1,,,1,,,,,,,,2,,,,,,,,,1,,,,,,,,,,,,,,,2,,,,,,,,,,,,,,,,5,10,,,1,,,,,,,,,2,,,,,,,,2,,,,,,42,4,65,,,1,,,,,,,,,1,,,,,,,,,,,,,,,1,1,,,,122,49,3,,,,,,1,,,,31,,,,,,,,1,,13,1,,,,,,9,,2,,,,,,1,1,,3,72,19,,1,1,,,,,11,1,,,,,,,,4,,,7,3,2,,,,,,,4,,,,,,,,,,,,461,371,1219,,,1,,,,,,,,,6,
Cordillera Administrative Region (CAR),Division of Tabuk City,1,,1,,,6,1,4,3,,8,1,26,26,,,3,44,,5,2,,,,,,3,,,,,1,,,,,,,,2,,,,,,,,,,,,,,,,,,,,,,,,2,,,,,,,,,,,,,,,,4,11,,,1,,,,,,,,,,,,,,,1,,1,,,,,,15,7,28,,1,9,,,,,,,,,1,,,,,,,,,,,,,,,1,,,,,79,52,1,,,,1,,1,,,,12,,,,,,,,1,,5,2,,,,,,10,,2,,,,,,,,1,,32,7,3,2,1,,,,,9,2,,,,,,,,4,,,17,4,,,,,,,,2,,,,,,,,,,,,224,109,853,,,,,,,,,,,,,
